,Text
0,  Saya merupakan seorang bekas doktor pelatih (houseman).
1,Cerita ini mungkin selalu didengari tetapi mungkin ada manfaat buat semua.
2,"Cerita ini mungkin panjang berjela, mohon dibaca sewaktu lapang dan maaf sekiranya ada kekurangan dari segi bahasa atau terlepas pandang."
3,Saya mula bekerja sebagai doktor pelatih pada November 2018.
4,"Waktu tu, saya memulakan tagging (tempoh waktu para pelatih menyesuaikan diri dengan sistem kerja di wad)."
5,"Pelbagai prosedur, sistem, cara merujuk kes mesti dipelajari dengan cepat agar pantas menyesuaikan diri."
6,Alhamdulillah para senior banyak membantu.
7,Saya masuk kerja pukul 6am dan balik 10pm untuk 2 minggu berturut ( balik kerja pukul 5pm pada hujung minggu).
8,Saya menetap di hostel hospital jadi nak pergi wad jalan kaki je.
9,Semuanya ok pada mulanya tetapi pada minggu kedua saya mula berasa kelainan pada diri saya.
10,"Sewaktu saya tidur pada malamnya, saya tiba tiba terjaga pukul 3am dan tak boleh sambung tidur."
11,"Esoknya saya perlu masuk kerja pukul 6am, membuatkan saya stcress dan akhirnya saya menangis."
12,Mungkin terlalu penat tetapi saya mulanya anggap ini perkara biasa.
13,Tetapi malam itu menjadi kemuncak tekanan.
14,"Saya buat solat sunat, cuba untuk menenangkan diri dan saya mengambil keputusan untuk memanggil Befrienders KL."
15,"Ia merupakan sebuah organisasi yang mendengar masalah dan isu para pemanggil, terutamanya kemurungan dan suicidal thoughts."
16,"Yelah, nak call orang lain pun, semua tengah tidur pukul 3 pagi."
17,Saya berbual dengan staf bertugas hampir sejam lamanya.
18,Alhamdulillah stafnya sangat lembut dan baik.
19,Beliau bertanyaÂ 1.
20,Boleh ceritakan apa yang terjadiÂ 2.
21,Apa punca kepada isu iniÂ 3.
22,"Apa yang boleh saya lakukan â€“ jujurnya waktu tu memang hanya nak berbual dengan seseorang, untuk lepaskan tekanan."
23,Tetapi pada masa yang sama saya terfikir untuk hadir ke klinik Psikiatrik untuk mengetahui sekiranya saya depressed.
24,Staf tersebut memberi saya nombor telefon klinik psikiatrik.
25,"Selepas berbual, saya rasa lebih lega tetapi saya tetap mengambil keputusan untuk hadir ke klinik Psikiatri."
26,Klinik Psikiatri di hospital saya boleh walk-in pada waktu pagi.
27,"Di sana, saya berjumpa doktor dan menceritakan masalah saya."
28,"Badan terasa letih, berat dan minda tidak dapat fokus kepada perbualan atau aktiviti."
29,Saya kurang suka melakukan aktiviti yang saya minati dahulu.
30,Saya kurang makan dan banyak termenung.
31,Fikiran saya selalu berfikir perkara negatif.
32,"Setelah diamati, rupanya saya telah mengalami simptom ini sejak seminggu lepas, tetapi saya kurang ambil peduli dan fikir â€œbiasalah baru mula kerja, penat tu biasaâ€."
33,Saya didiagnos sebagai Adjusment Disorder with depressive mood.
34,"Saya diberi ubat Lorazepam (benzodiazepine) untuk tidur dan Mirtazapine (antidepressant), diberi MC selama seminggu dan dirujuk ke pakar psikiatrik (Kes melibatkan houseman dirujuk ke pakar)."
35,Mulanya ingatkan dapatlah MC sehari dua je tapi tak sangka pula sampai seminggu.
36,Senior dan supervisor juga memahami situasi saya setelah saya bercerita kepada mereka dan saya cuba berehat dan muhasabah.
37,Saya dapat tidur dengan bantuan ubat tetapi mood dan emosi saya masih depressed.
38,"Setelah berjumpa doktor pakar pada lawatan seterusnya (setiap 2 minggu), saya didiagnos sebagai Major Depressive Disorder."
39,Dos ubat Mirtazapine dinaikkan kerana saya tetap depressed dan emosi tetap sama.
40,"Selepas 2 minggu, saya ditukarkan ubat dengan Sertraline (SSRI â€“ Selective Serotonin Reuptake Inhibitor)."
41,Tetapi mood tetap juga depressed.
42,Maka dos Sertraline dinaikkan pula.
43,"Sepanjang waktu MC dan rawatan, saya duduk bersama keluarga."
44,"Mereka sangat memahami dan menyokong, tidak pernah ada keluh kesah atau berputus asa dengan saya, terutamanya Mak."
45,Terima kasih atas keprihatinan dan kasih sayang keluarga.
46,Moga Allah membalas kebaikan mereka dengan rahmat dan rezekiNya di dunia dan akhirat.
47,"Pada bulan 3 rawatan, saya tetap belum pulih dan tetap mengalami depressed mood."
48,"Malah saya mula mengalami auditory hallucination, mula mendengar suara yang mengatakan saya tak berguna, lemah, bodoh dan kata kata negatif."
49,"Pada waktu ini saya diberi juga ubat antipsikotik (Aripiprazole) tetapi tetap sama, saya mendengar suara."
50,Doktor mencadangkan saya dimasukkan ke wad kerana saya sudah dikira sebagai Severe Major Depressive Disorder dan memerlukan rawatan ECT (Electroconvulsive Therapy).
51,Saya bersetuju kerana saya juga tahu rawatan ECT merupakan salah satu rawatan yang berkesan untuk severe type seperti yang saya alami.
52,"Semasa di wad, pelbagai jenis pesakit saya jumpa."
53,"Ada yang bipolar, skizofrenia, depressed, aggressive."
54,"Saya pernah menemui dan berbual dengan mereka sebagai pelajar perubatan dahulu, sekarang sebagai pesakit pula."
55,"Antara perkara yang saya tak dapat lupa, para pesakit di situ sangat baik."
56,Ada seorang uncle ni siap bagi KFC drumstick dekat saya sebab dia kesian tengok saya murung kot.
57,Haha terima kasih uncle.
58,"Selama 2 minggu di wad, saya menjalani 4 sesi ECT."
59,Saya berpuasa pada malam sebelum ECT.
60,"Esoknya, para pesakit dibawa ke bilik ECT."
61,"Sewaktu rawatan, doktor akan bagi ubat bius supaya kita tidur dan ECT dijalankan sewaktu kita tidak sedar."
62,Arus elektrik bervoltan rendah dialirkan di sekitar kepala dan kita tidak rasa apa apa sebab dah tidur.
63,"Jadi yang sakitnya pun sewaktu beri ubat bius (sakit sikit je) dan bangun bangun je dah ada atas katil, ada makanan terhidang."
64,"Tetapi mungkin akan rasa pening, sakit kepala, mual dan blur sedikit lepas bangun tidur, kesan ubat bius."
65,"Tapi jangan risau, kesannya selalunya beberapa jam sahaja."
66,Nurse dan doktor akan memantau keadaan pesakit selepas ECT.
67,"Sekiranya berlanjutan, doktor akan beri ubat bersesuaian dengan kesan yang kita alami  Kawan kawan dan keluarga datang melawat."
68,Mereka juga nampak saya lebih ceria selepas sesi rawatan dan saya juga rasa lebih positif dan baik.
69,Doktor juga membenarkan saya keluar selepas lengkap rawatan ECT.
70,Ubat saya ditukar pula kepada Desvenlafaxine (juga anti-depressant) dan Aripiprazole untuk halusinasi.
71,"Pada waktu ini, Aripiprazole menyebabkan saya rasa resah."
72,"Saya tidak boleh duduk diam di rumah dan bila hendak tidur, saya perlu menggunakan Lorazepam untuk tidur."
73,"Selepas berbincang dengan doktor, saya tidak perlu lagi menggunakan Aripiprazole kerana halusinasi juga hilang sehingga hari ini."
74,Saya masih dalam rawatan (Desvenlafaxine) dan pemantauan doktor tetapi sekarang saya lebih ceria dan positif.
75,Saya kembali menjalani kehidupan normal sebelum saya sakit.
76,"Saya sangat bersyukur dengan pertolongan doktor, keluarga dan kawan dalam proses pemulihan ini."
77,"Sekarang, saya telah meletakkan jawatan dan mencari peluang pekerjaan lain."
78,Mungkin rezeki saya di bidang perubatan setakat ini sahaja atau mungkin juga di lain masa.
79,"Apa pun, hidup tetap perlu diteruskan."
80,Saya tidak pernah menyesal melalui pengalaman ini kerana ia menjadi satu bahagian dalam hidup saya yang bernilai.
81,"Ada masa kita jatuh terduduk, ada masa kita akan kembali bangkit lebih tinggi dari sebelumnya."
82,"Saya percaya, satu pintu yang tertutup, ada pintu lain yang terbuka."
83,"Dan akhirnya kita akan melalui jalan kehidupan yang lebih bahagia, asalkan kita terus berusaha."
84,Pelbagai pengajaran saya pelajari sewaktu tempoh depression ini antaranya :  1.
85,"Sekiranya emosi kita terganggu atau stress, luahkan pada orang yang kita rapat, kawan â€“ kawan dan keluarga."
86,"Selalunya, sesi meluahkan perasaan amat membantu menstabilkan emosi."
87,"Sekiranya anda tidak selesa meluhkan pada kenalan, boleh cuba menghubungi Befrienders."
88,Mereka terlatih untuk mendengar isu dan masalah pemanggil dan tidak bersifat judgemental dengan isu kita.
89,2.
90,Dapatkan rawatan di klinik kesihatan / pakar psikiatrik sekiranya masalah tetap berpanjangan.
91,"Jangan sekali- kali merawat diri sendiri tanpa pemantauan doktor dan pakar bertauliah, dikhuatiri menyebabkan masalah lain pula."
92,3.
93,"Sekiranya tidak serasi dengan ubatan atau ubat tidak memberikan kesan, berbincang dengan doktor pakar dan nyatakan dengan jujur."
94,Doktor akan cuba mengoptimumkan rawatan.
95,Sesetengah ubat memerlukan tempoh untuk berkesan dan berbeza tempoh kecepatan dan keberkesanan.
96,Jangan malu kerana ia boleh menganggu rawatan dan menyebabkan kita mudah berputus asa.
97,Hadir bersama ahli keluarga atau kawan agar mereka juga faham rawatan dan situasi kita.
98,Mungkin ahli keluarga dan kawan boleh mengajukan soalan kita kalau kita malu.
99,Pastikan anda faham rawatan dan arahan doktor.
100,4.
101,Banyakkan bersabar dan lakukan akitiviti yang mendatangkan keseronokan.
102,Bersenam merupakan aktiviti yang sangat membantuÂ   5.
103,Jangan mudah menghukum orang pesakit pskiatrik.
104,"Ada yang kata kena sihir, gangguan jin dan pelbagai lagi yang boleh menyebabkan pesakit bertambah murung."
105,"Apa yang kita boleh lakukan adalah dengan memberi kata semangat, motivasi dan doa."
106,6.
107,"Tidak dinafikan ada kes yang melibatkan gangguan alam ghaib tetapi pada masa yang sama, berikhtiarlah dengan perawat bertauliah, professional dan rawatan yang terbukti dikaji dan berkesan di peringkat kinikal."
108,"Pendek kata, produk produk jualan di pasaran yang mendakwa boleh menyembuhkan penyakit psikiatrik mahupun fizikal adalah berkemungkinan besar merugikan duit dan tidak berkesan."
109,"Sekalipun berkesan, mungkin jangka pendek sahaja dan penjual produk tidak ada follow-up dan guideline yang diiktiraf."
110,"Para penjual produk, tolong jangan ambil kesempatan ke atas para pesakit untuk keuntungan semata ye."
111,Banyak orang cuba mencadangkan produk-produk ini kepada saya tetapi saya tidak mengambilnya.
112,"Akta Perubatan melarang para penjual mengiklankan produk yang boleh menyembuhkan 20 jenis penyakit, salah satunya penyakit psikiatrik."
113,7.
114,Banyakkan berdoa.
115,"Kepada yang Muslim, banyakkan solat sunat dan membaca Quran juga."
116,"Apa pun pegangan anda, fokuskan kepada aspek positif untuk sembuh."
117,Ia mungkin sukar untuk dilakukan di peringkat awal depression kerana fikiran negatif akan selalu datang.
118,"Di sinilah pentingnya kawan dan keluarga untuk memberi kata kata positif, semangat dan dorongan."
119,8.
120,Suicidal ideation (fikiran untuk membunuh diri) biasa berlaku kepada pesakit psikiatrik terutamanya depression.
121,Amat penting untuk ahli keluarga dan rakan rakan mengenali simptom depression.
122,Saya banyak berfikir mengenai mati tetapi alhamdulillah tidak ke tahap suicidal ideation.
123,Suicidal attempt amat tinggi di kalangan wanita tetapi completed suicide lebih tinggi di kalangan lelaki.
124,"Apa pun, hidup ini penuh dugaan dan cabaran tetapi ia juga diisi dengan kebahagiaan untuk yang berusaha."
125,Doakan agar saya diluaskan rezeki saya di dalam apa jua bidang (mana tahu saya kembali ke bidang perubatan) dan moga kita semua selalu memberi dorongan dan motivasi kepada satu sama lain.
126,"Terima kasih kerana membaca, moga ada manfaat untuk semua dan saya memohon maaf atas kekurangan penulisan saya."
127,"Selamat berjuang dan percayalah, ada sinar harapan untuk kita semua ğŸ™‚Â   Penulis: F Bos aku seorang founder produk."
128,Syarikatnya besar juga.
129,Bos aku ni kiranya seorang yang sangat berjaya sebab ada banyak syarikat yang dia uruskan.
130,Bos aku ni kategori Islamik sikit.
131,Setiap hari kami semua diterapkan dengan ajaran islam melalui aktiviti harian sebelum memulakan kerja.
132,"Kami baca doa, baca surah, diajar solat Dhuha, diajar solat taubat, solat hajat dan pelbagai lagi ilmu keagamaan yang bersilih ganti ustaz dan ustazah dijemput untuk datang mengajar."
133,Bos aku dipandang tinggi oleh masyarakat.
134,Ramai founder lain berasa cemburu dengan kejayaan bos aku menerajui syarikat.
135,Syarikat kami berkembang maju dan terkenal di seluruh Asia.
136,"Nama bos dan syarikat kami sering disebut-sebut sebagai sebuah jenama terbaik bukan saja dari segi penghasilan produk, malah mempunyai pasukan terbaik dalam menguruskan syarikat."
137,"Tetapi, kalau orang luar tahu apa yang berlaku di dalam syarikat."
138,Pasti mereka akan terkejut.
139,"Sebabnya, setiap kejayaan dan rekod yang dicanangkan kepada orang luar, semuanya adalah dusta semata."
140,Tiada yang benar langsung.
141,Aku jadi staf pun malu sebenarnya.
142,Malu giler kalau orang tahu.
143,Bos aku ni sangat sibuk.
144,"Bagi dia, hidup perlu sentiasa bekerja."
145,Tiada rehat.
146,Itulah yang diterapkan kepada kami.
147,Dia cukup pantang kalau staf tak jawab telefon walau masa tu adalah waktu tidur.
148,"Bagi dia, waktu tidur hanya cukup 2-3 jam saja setiap hari."
149,Dia akan melenting kalau staf balik rumah selepas waktu kerja jam 6 petang.
150,Dia juga akan sentiasa call dan whatsapp staf semasa hari cuti mingguan sabtu dan ahad.
151,Apatah lagi semasa Public Holiday.
152,"Itu adalah masa untuk bekerja, panggil meeting dan suruh datang ke rumah hantar report."
153,Bos akan membebel kalau staf nak ambil Annual Leave mahupun pergi holiday bersama family.
154,"Setiap kali dia membebel, aku akan rasa aku ni seorang loser yang telah memufliskan syarikat je gayanya."
155,Dia akan marah sesiapa saja di depan mata dia kalau dapat tahu ada staf yang bercuti walau dah dapat kebenaran dia.
156,"Semenjak bekerja dengan syarikat ni, aku diserang stress dan depression kerana sikap bos yang buruk."
157,"Ia sampai jadi tahap, aku takut dengar telefon berdering, cepat-cepat aku akan menjawab dan jantung aku akan berdegup pantas macam baru selesai lari marathon."
158,"Kalau dengar bunyi whatsapp masuk pun, jantung aku berdebar-debar kencang."
159,Takut sangat kena marah.
160,Takut sangat ada report yang salah atau task yang tak buat.
161,Sudah 2 tahun aku tak bercuti.
162,"Ya, aku memang ada dapat Annual Leave."
163,Tetapi aku sentiasa dipanggil masuk kerja pada hari cuti yang aku berhak untuk ambil.
164,"Apabila hujung tahun dan didapati cuti aku sangat banyak, bos cakap aku tak uruskan hidup aku dan cuti aku dengan baik."
165,Siap kena warning supaya tak buat lagi.
166,Oh ya!
167,Warning letter ni adalah makanan harian bos aku.
168,"Asal ada je yang dia tak gemar dengan kami, setepek warning letter kami akan terima daripada HR."
169,"Setakat ni, itulah medal dan rekod kejayaan aku sepanjang bekerja di syarikat ni."
170,"Semenjak tu, aku dah pasrah."
171,Tak berani nak ambil cuti langsung.
172,"Walaupun ada kecemasan dalam keluarga, semuanya aku serahkan kepada adik beradik untuk uruskan."
173,"Bayangkan la, nak masak atau nak ke toilet pun aku takut."
174,"Sudah beberapa tahun ni, aku takut sangat nak masak di rumah sebab risau semasa sibuk memasak, aku tak dengar bos call atau tiba-tiba bos nak buat meeting."
175,Aku rasa hidup aku sangat pathetic.
176,Sedih!
177,Kenapa aku tak tinggalkan je syarikat ni?
178,"Jangan risau, aku tetap akan tinggalkan syarikat ni suatu hari nanti."
179,Tetapi selepas aku berjaya capai impian aku.
180,"Buat sementara ni, aku terpaksa bertahan."
181,Impian aku insyaAllah akan dapat dicapai dalam sedikit masa lagi.
182,Banyak sudah kezaliman yang bos dah buat terhadap aku.
183,"Dia zalim dengan masa tidur aku, cuti mingguan aku, Public Holiday aku, Annual Leave aku."
184,"Aku tak pernah MC, tak pernah EL."
185,Bekerja 24/7 365.
186,Aku demam pun masih masuk office dan tak berani pergi klinik untuk ambil ubat.
187,"Bukan aku saja, malah staf yang lain pun sama."
188,"Kalau MC, tetap kena buat kerja walau apa cara sekalipun."
189,Aku rasa aku staf yang baik.
190,Tapi masih tak cukup bagus untuk dia.
191,Aku sangat komited dengan kerjaya dan aku tinggalkan keluarga aku demi keluarga dia.
192,Bos aku sangat family oriented.
193,"Family oriented bos aku ni bermaksud, staf adalah hakmilik kekal dia yang wajib ada dalam setiap majlis keluarga dia."
194,"Kalau ada yang tak hadir, siaplah, kena marah."
195,Gaji?
196,Kat sini gaji basic saja.
197,Double pay atau triple pay jika bekerja semasa cuti atau selepas working hours tu memang tak wujud dalam kamus syarikat ni.
198,"Kalau minta, memang kena reject saja."
199,"Paling best, sampai sekarang aku takde offer letter."
200,Amacam?
201,Korang doakanlah aku dapat kerjaya yang lebih baik daripada apa yang aku ada sekarang.
202,Aku bertahan ni pun sebab nak gaji yang seciput tu je.
203,Sambil cari lubang kerja lain.
204,"Bos aku cakap, kalau nak cari kerja di musim COVID ni, memang payah."
205,"Tapi aku percaya, Allah kan Maha Memberi Rezeki."
206,"InsyaAllah, aku juga percaya, Allah akan balas kezaliman bos terhadap kami ni sooner or sooner."
207,"Hakikatnya, ia dah pun berlaku terhadap syarikat ni."
208,Aku sangat bersyukur.
209,"Dengan setiap cabaran yang bos dan syarikat tanggung sekarang, bos dah mula tahu bercakap guna bahasa yang baik dan belajar minta maaf dengan kami."
210,Cuma dia masih tak boleh buang tabiat buruk bab menipu kepada masyarakat.
211,"Kalau sebelum ni, maki hamun adalah zikir harian dia kepada kami."
212,"Setakat ayat â€œbodohâ€, â€œtakde otakâ€, â€œpemalasâ€ tu, bagi aku ayat biasa macam mak-mak pujuk anak nak tidur."
213,Dah lali.
214,Ini kisah saya.
215,Saya menulis dalam keadaan masih dalam dilema tapi penuh dengan rasa happy.
216,Paling penting saya dah tak perlukan ssri ( antidepressant) untuk rasa betul betul gembira dengan hidup ini.
217,Alhamdulillah.
218,Dan ramadhan ini saya anggap satu platform untuk saya betul betul memohon dari Allah jalan mana yang perlu saya pilih untuk mencari rezeki.
219,Ya.
220,Saya masih lagi seorang houseman di sebuah hospital.
221,Tapi dalam dilema untuk resign.
222,Dalam masa kurang 2 tahun pengalaman housemanship saya.
223,Saya kehilangan tiga insan yang menjadi tulang belakang saya.5 bulan bekerja atok saya meninggal di hospital sama saya bekerja.8 bulan bekerja ayah saya meninggal di ccu juga di hospital sama saya bekerja.
224,Sayalah yang menghentikan cpr ayah saya sendiri yang dilakukan rakan sekerja saya.
225,Saya baru sebulan posting medical masa tu.
226,Dan tu adalah pengalaman cpr kali kedua untuk saya.
227,Betul betul saya hilang masa tu.
228,Saya MIA(missing in action bermaksud tidak datang kerja).
229,Didiagnos Major Depreasive Disorder.
230,Ambil ubat.
231,Saya pergi hospital tapi tak mampu masuk wad.
232,Saya dikira MIA.
233,Jadi gaji saya disekat.
234,Kemudian tahun yang sama nenek saya yang mengasuh dari kecil didiagnos kanser.
235,Masa tu sedikit motivasi untuk bekerja.
236,Beliau pun sedih dengan keadaan saya.
237,Jadi saya teruskan bekerja tanpa gaji selama 4 bulan.
238,Hinggalah nenek saya menghembuskan nafas terakhir 2bulan lepas.
239,Dalam masa tersebut saya terlalu faham bahawa bukan mudah untuk memjaga orang yang sakit terlantar.
240,Seminggu selepas nenek saya meninggal saya mendapat notis pendek untuk bertukar hospital.
241,Semua ni terlalu laju untuk saya.
242,Saya tak sempat nak rsa apa apa.
243,Saya cuma mampu menarik nafas panjang.
244,Jujurnya saya redha dengan semua ni walaupun terlalu sukar.
245,Cuma saya akan belajar redha juga jika menjadi seorang doktor bukan lagi rezeki saya.
246,Semua yang jadi menyebabkan saya cepat jadi depressed.
247,Pandangan saya tentang kehidupan banyak berubah.
248,Apatah lagi sekarang ni saya cuma ada ibu dan adik adik saya.
249,Salah ke kalau saya rasa nak resign sebab nak duduk dengan family je.
250,Nak cari rezeki tapi nk family depan mata.
251,Salah ke kalau saya taknak terlalu stress then depressed?
252,Salah ke?
253,"Penulis:  Umaira Banyak nak ceritakan, tapi aku bukan seorang yang pandai mengarang."
254,"Aku ini seorang yang pendiam, jarang berbual kecuali dengan orang yang rapat."
255,Aku ibu dengan 4 orang anak.
256,Doktor diagnos aku dengan depression(Kemurungan) sejak januari 2014.
257,Ujian DASS memang dah teruk sejak beberapa tahun sebelum tu tapi tak dapatkan rawatan.
258,"[Ujian DASS digunakan untuk menyaring seseorang individu bagi masalah kemurungan(depression), kerisauan(anxiety) dan juga tertekan(stress)]  Nak cerita tentang masa aku sakit teruk tu, aku berhari hari tak boleh tidur."
259,Menangis sendiri dalam gelap malam.
260,"Siang aku kerja macam biasa, urus anak-anak semua, tapi aku rasa seperti mayat hidup."
261,Umpama zombie.
262,"Malam aku menangis, nak tidur tapi gagal."
263,Berlarutan seminggu.
264,Masa tu aku buntu sebab ada masalah dengan pengasuh anak-anak.
265,Satu malam tu aku rasa macam seluruh dunia bertimpa atas kepala.
266,Segala flashback peristiwa dalam hidup terimbas.
267,"Segala kesilapan kebodohan dalam hidup menerpa, all at once."
268,"Esok paginya kebetulan cuti sebab anak belum dapat pengasuh, aku memandu tapi aku rasa macam bukan aku yang memandu."
269,"Aku bawa anak 1,2 dan 4."
270,Anak nombor tiga entah kenapa aku tinggalkan dengan suami.
271,"Suami ada masa tu dia tidur, tapi aku macam kena pukau antara sedar dan tak sedar, aku memandu ke rumah rakan sekerja lelaki yang paling buat aku stress kat tempat kerja."
272,Aku tak tau kenapa aku ke situ.
273,"Isterinya keluar kerja, dia, 3 orang anaknya, (salah seorangnya kawan kelas anak aku), dan ibu mertua dia ada."
274,Lepas dia hidang minuman aku pun balik.
275,Menuju pula ke rumah kakak aku.
276,"Sampai rumah kakak terus duduk rumah dia, dalam keadaan tak waras macam ada orang kawal badan aku."
277,Mereka layan aku macam aku ni nak bunuh diorang pulak.
278,Lima hari duduk rumah kakak dengan anak-anak dan mak abah aku pun datang duduk nak jaga aku.
279,"Lepas lima hari aku pujuk suami aku tolong la bawa kami balik, duduk rumah kakak aku di layan macam orang gila."
280,"Di angkat paksa mandi air limau, telinga aku disiram air, di hembus-hembus kakak dan abang ipar aku berlagak macam bomoh."
281,Panggil perawat tah siapa.
282,Aku tak perlukan semua tu.
283,"Tapi dalam hati aku sentiasa ingat ni ujian Allah.Kawan(nurse) call suruh datang klinik jumpa doktor, doktor tanya-tanya dan bagi surat rujukan ke pakar psikiatri."
284,"Begitulah kisah aku seorang ibu berkerjaya, pejuang MDD, dengan 4 anak kecil."
285,Dah bagitau dah yang aku ni tak reti mengarang.
286,Panjang cerita tapi aku ringkaskan.Sebelum aku tamatkan tulisan ini.
287,Aku nak bagi panduan sikit kepada masyarakat:  1.
288,Ibu berkerja perlu sokongan.2.
289,Pengasuh yang baik.3.
290,Majikan yang memahami.4.
291,Suami yang mendengar dan memberi moral support.5.
292,"Cari kawan yang baik, bukan penghasut dan pendengki.6."
293,"Yang penting utama sekali, ingat Allah sentiasa."
294,Penulis: Ayna Salam all reader IIUMâ€™s confession.
295,Thanks admin sebab approve confession aku ni.
296,Depression.
297,"Yes, ni tajuk aku."
298,"Lately aku dengar banyak kes bunuh diri and salah satunya kes bunuh diri sebab kemurungan!Untuk pengetahuan pembaca semua, orang yang menghidap kemurungan ni luaran dia tak nampak pun macam dia ada masalah."
299,Tapi the inside of that person hanya Tuhan je yang tau betapa susahnya dia struggle.
300,Selalunya orang yang ada depression ni ada anxiety (kebimbangan) sekali.
301,Sampai boleh terketar2 satu badan.Tanda-tanda penyakit kemurungan (ni aku amik dekat internet) 1.
302,Perasaan murung atau sering marah-marah hampir sepanjang hari dan hampir setiap hari dalam tempoh dua minggu.
303,Perasaan ini dilaporkan oleh pesakit secara subjektif seperti perasaan rendah diri ataupun daripada pengamatan orang luar contohnya selalu menangis.
304,2.
305,Tidak bersemangat atau tidak berminat melakukan aktiviti sosial yang biasa dilakukan hampir setiap hari.
306,Contohnya tidak berminat untuk bersukan lagi atau berjumpa dengan sanak-saudara.
307,3.
308,Berat badan merosot (~5%) daripada asal dalam waktu yang singkat atau kurang selera makan.
309,4.
310,"Corak tidur berubah, sama ada kurang tidur (insomnia) atau terlebih tidur (hypersomnia)."
311,5.
312,"Perubahan dalam melakukan aktiviti seharian, sama ada terlebih aktif atau kurang aktif."
313,6.
314,Selalu letih dan kurang tenaga dalam melakukan aktiviti harian.
315,7.
316,Perasaan bersalah yang tidak setimpal dengan sesuatu kesalahan perbuatan atau merasakan diri tidak berguna 8.
317,Tidak mampu memberikan konsentrasi atau berfikir secara rasional.
318,Pesakit juga merasakan susah untuk membuat keputusan dalam kehidupan hariannya.
319,9.
320,"Berfikir tentang keinginan untuk mati atau bunuh diri dengan kerap, atau mempunyai pelan masa hadapan untuk membunuh diri.Tapi problem orang kita di Malaysia ni, asal depression je dah anggap gila."
321,"Tak pun orang akan cakap â€œTakde apa la, jangan nak depressed sangat.â€ Jadi orang yang ada depression ni jadi malu nak mengaku yang dia ada sakit kemurungan ni."
322,"Yes, aku tau orang akan cakap banyakkan dekatkan diri dengan Tuhan, mengadu pada Dia dan banyakkan baca Al-quran."
323,"The point is, memang orang yang ada depression ni buat or mungkin ada yang tak, tapi macam aku cakap innerself dia kalau boleh nak rant as long as she/he can sebab dia susah nak control emosi dia.Macam mana aku tau?"
324,Sebab aku pernah mengalami masalah yang sama.
325,"Sumpah waktu aku kena tu, aku macam tak ada point untuk hidup."
326,Lifeless dan rasa tak ada tempat nak bergantung.
327,Study aku?
328,Memang terjun ke laut resultnya.
329,Hubungan dengan lecturer pun tak berapa nak okayy sebab masalah depression aku ni agak teruk.
330,Banyak orang pandang serong sebab aku tetiba jadi pendiam kadang-kadang menangis sorang diri tak tahu punca.
331,"Tapi akuk tak mengalah, aku cuba cari something yang boleh motivate aku."
332,Aku tak pergi ke kaunselor sebab tak mampu nak bayar.
333,Aku guna laman social.
334,"Aku cari group orang yang senasib dengan aku, yang ada masalah depression ni."
335,Group depression untuk Malaysian people susah aku nak jumpa.
336,Boleh kira dengan jari je.Tapi mostly aku jumpa group yang mostly over the world punya participant.
337,"Daripada apa yang aku perhati, dia orang ni sangat-sangat OPEN-MINDED."
338,"Each and every person yang confess dalam group tu, yang mengadu masalah atau tiba-tiba rasa anxious and post dalam group tu, people never condemn or saying anything bad to that person walaupun benda tu kita rasa benda bodoh â€“bodoh je masalah dia."
339,But they donâ€™t.
340,"The ask with a caring word, regardless of your religious and races."
341,Ada je yang confessed cakap nak bunuh diri sebab dah tak tahan dengan depression yang dia rasa.
342,"Tapi all the people in that group bagi kata-kata semangat balik untuk dia, make sure dia rasa dia sangat dihargai untuk jalani kehidupan dia."
343,"Pada aku, kalaulah Malaysian people boleh jadi open-minded macam tu, mesti ukhwah sesama kita dapat dikuatkan."
344,Dan masalah depression ni dapat dibendung walaupun tak sepenuhnya.
345,"Mungkin juga sebab perangai orang Melayu kita suka perlekehkan sesuatu perkara menyebabkan golongan macam ni lebih rela untuk simpan masalah dia sendiri sampai mereput.Just my 2cent-Cik Depression-â€“ Cik DepressionHantar confession anda di sini ->Â www.iiumc.com/submit Hai, itâ€™s me again."
346,Confession sebelum ni pasal gangguan penyesuaian/ adjustment disorder.
347,"Boleh baca confession berkenaan di sini, (https://iiumc.com/gpaddm/).Aku ada baca kat komen di FB yang nak tahu pasal mental illness/ mental health."
348,Harap admin boleh publish untuk tambah pengetahuan tentang kesihatan mental sebab kalau google pun tak berapa jelas sangat rawatan.Aku mention awal-awal yang tak semua alami kemurungan adalah sama dan tak semua yang perlukan rawatan yang sama.
349,"Sebab doktor aku beritahu, setiap pesakit ada kemurungan tersendiri dengan ciri â€˜istimewaâ€™ tersendiri.Aku nak share a few rawatan untuk atas perasaan kemurungan based on pengalaman sendiri dan jawapan daripada pakar dan doktor yang incharge aku kat klinik psikiatri dan kesihatan mental.Ok, aku nak highlight kat sini apa yang diperlukan bila ada kemurungan ialah seorang pendengar yang setia dan tidak menghukum luahan hati kau."
350,"Bila kau hadapi sesuatu peristiwa yang kau tak boleh hadap, carilah teman untuk meluah perasaan.Aku tahu yang ramai pembaca kat luar sana yang hadir temujanji dengan doktor psikiatri kan?Ok, rawatan yang diberikan oleh doktor korang ialah psikoterapi; iaitu untuk ubah cara minda korang berfikir."
351,"Kalau selama ni dalam kepala otak kau asyik thought negatif je, jadi peranan dorang ialah untuk betulkan mind set korang."
352,Ini yang pertama dalam rawatan kemurungan.Doktor yang bertugas takkan sesekali cadangkan penyelesaian kepada masalah kau.
353,"Kau kena fikir sendiri, dia bagi kertas dan suruh senaraikan masalah dan cara tangani masalah kau."
354,Doktor nak ajar kau supaya kau ada self-esteem dan boleh buat keputusan.Rawatan kedua ialah ubat-ubatan.
355,Lepas dah jumpa doktor mesti dapat slip ubat kan?
356,"Haa itu ialah rawatan anti-depression kalau ada tanda kemurungan dan anti-anxiety kalau ada kegelisahan.Untuk pesakit yang ada simptom psychotic, ubat tambahan mereka ialah ubat anti-psychotic dan ada masalah untuk tidur pun doktor akan beri ubat penenang."
357,Ni yang dalam drama melayu selalu ada dialog â€œkau tak makan ubat kau eh?â€ Haa ubat tulah.Semua jenis ubat yang diberikan ialah untuk tambah/ubah hormon kau dalam otak.
358,"Kalau macam aku, aku kekurangan hormon serotonin yang menyebakan aku selalu sedih dan kemurungan.Ubat yang doktor endorse pun bukan ubat Over-The-Counter, ubat tu memerlukan sign dan cop doktor sebab semuanya ubat terkawal."
359,Maknanya kalau korang tak perlukan ubat memang dorang takkan beri.
360,Rawatan yang keempat ialah meditasi/mengenali Tuhan.
361,Aku pakai frasa Tuhan yang merujuk kepada semua agama.
362,Generally.
363,"Kalau boleh kau kena rajin-rajinkan solat lima waktu, baca al-quran, solat tahajud semua tu supaya dapat ketenangan kalau kau seorang yang beragama Islam.Kalau agama lain, boleh buat ikut kepercayaan masing-masing sebab aku percaya yang agama mengajar perkara yang baik-baik kepada penganutnya.Rawatan kelima ialah sokongan keluarga."
364,Bunyinya macam kejam kalau kau ada konflik dengan keluarga.
365,"Doktor psikiatri yang incharge kau akan panggil sesiapa yang tinggal serumah dengan kau, yang hari-hari kau jumpa kat tempat kerja/ sekolah/ IPT dan yang rapat dengan kau.Doktor akan sedaya-upaya untuk terangkan keadaan mental kau kepada mereka dan tanya macam mana perangai kau supaya apa yang kau cerita sama dengan apa yang family dan kawan rapat kau cerita.Kat sini doktor akan fahamkan betul-betul kepada family/ kawan rapat yang kau perlukan sokongan keluarga dari segi emosi dan kena pastikan pesakit kena hadir temujanji dengan doktor.Rawatan yang terakhir ialah DIRI KAU SENDIRI."
366,"Ya, kalau diri sendiri taknak keluar dari kemurungan."
367,Maka semua rawatan-rawatan yang aku mention takkan berkesan.Push diri sendiri untuk terima rawatan dan ubah apa yang patut supaya kemurungan kau tak jatuh lebih teruk.
368,"Belajar untuk cope bila ada masalah dan cari ketenangan bila rasa â€˜lemasâ€™ dalam kemurungan.Aku faham, perasaan sedih susah nak dikawal tapi cuba ikut apa petua,tips and trick dari doktor psikiatri kau untuk atasi perasaan tu.Oklah, sampai sini je aku nak beritahu tentang rawatan untuk depresi/ kemurungan."
369,"Maybe next time aku cerita benda lain yang related dengan mental health dan mental illnes.Selamat berpuasa.â€“ Cik H (Bukan nama sebenar)Hantar confession anda di sini ->Â https://iiumc.com/submit Assalamualaikum, terima kasih admin kerana approve hantaran ini.Semalam terkejut sangat sebab jumpa post yang seakan-akan melabel pesakit depression sebagai kufur."
370,"Bukan itu sahaja, beliau malah menggunakan ayat Quran untuk justify pandangan tersebut.Siapa kita untuk menghukum orang lain?"
371,Kita bukanlah antara golongan yang dijamin syurga.
372,Tidak adil untuk pukul rata semua pesakit depression tu kufur.
373,Malah islam tidak mengajar kita untuk menhukum orang lain.Stigma sebegini sangat bahaya.
374,"Boleh menyebabkan pesakit kemurungan tidak mahu berkongsi rasa, malah ada yang mungkin tidak mendapatkan rawatan kerana risau dihukum sebagai â€œkufurâ€, â€œjauh dari Tuhanâ€, â€œlemah imanâ€ dan sebagainya.Sedangkan depression tu merupakan satu penyakit dan boleh dirawat."
375,"Seperti penyakit-penyakit lain, depression juga disebabkan beberapa faktor seperti hormon, genetik, dan persekitaran."
376,Barah bukan disebabkan kufur kan?
377,"Haa macam tu jugak la depression.Mungkin lepas baca luahan ni, ada yang akan kata â€œbetullah kalau dekat dengan Allah takkan depressâ€."
378,Tapi sebelum tu saya nak kata yang pandangan itu sangat salah.
379,"Dan merupakan stigma yang sangat berat.Haah, betul dengan mendekatkan diri dengan Allah, kita boleh tenang dan hilang tekanan, tetapi perlu ingat, depression ini penyakit."
380,"Dekatkan diri dengan Allah tu perlu, tetapi perlu juga mendapatkan rawatan pakar."
381,"Antara rawatan yang akan diberi adalah ubatan, terapi atau kedua-dua sekali bergantung pada keadaan pesakit.Tapi macam mana orang yang sedang depress nak mendapatkan rawatan jika sekali diluahkan perasaan, terus dicop lemah iman dan sebagainya."
382,Sedangkan kita dituntut untuk merujuk pakar dan berusaha dalam bertawakal.
383,Stigma sebegini la juga yang menjauhkan orang-orang dari orang alim.
384,Bukankah ini merugikan Islam tu sendiri?
385,"Pesakit depression perlukan harapan dan bantuan, bukan kecaman.Apa kesan stigma ini?Seperti yang dinyataan diatas, dan kesannya bukan sekadar menyebabkan pesakit tidak mendapatkan bantuan, malah kalau keadaan makin teruk boleh menyebabkan pesakit bunuh diri (nauzubillah).Jika pandangan-pandangan yang melabel pesakit depression ni tersebar, dan pesakit triggered, boleh membuatkan pesakit self-blame, adakah kita akan bertanggungjawab?"
386,"Self-blame, rasa diri tidak berguna, rasa diri tiada harapan juga boleh mengakibatkan pesakit bunuh diri.Penyakit depression ni semakin hari semakin merunsingkan."
387,"Selain rawatan doktor psikiatri atau psikologis, sokongan daripada individu sekeliling sangat lah penting."
388,"Antara gejala depression adalah merasa diri tidak berguna.Jadi kita sebagai anggota masyarakat perlu memberi harapan yang mereka sangat diperlukan, dan diri mereka bernilai."
389,Teruskan berdoa semoga kita tidak mendapat depression.
390,Dan dalam masa yang sama mendoakan sahabat kita yang sedang bertarung dengan depression dan lain-lain penyakit mental.â€“ Zinnirah (Bukan nama sebenar)Hantar confession anda di sini ->Â https://iiumc.com/submit Assalamualaikum semua.
391,Nama aku Fezzul (bukan nama sebenar) umur aku dalam 22 tahun.
392,Aku nak cerita pengalaman aku apabila disahkan menghidap depresi dan kemurungan.Okay aku ni boleh dikatakan budak cerdik juga la sebab UPSR dan PMR aku straight A. Cuma SPM aku je dpt 6A tapi aku tetap bersyukur.
393,Then aku mohon la UPU untuk masuk universiti malangnya permohonan aku gagal.
394,Aku cuba buat rayuan dan keputusan still sama aku gagal.Aku kecewa dan sedih la jugak sebab kawan2 semua smbung belajar masuk universiti.
395,Okay takpa la aku teruskan belajar dgn ambik STPM di sekolah dan Alhamdulilah aku berjaya grad dgn CGPA 3.6 Aku berasa gembira sngat time tu.Nak jadikan cerita lepastu aku dapat tawaran masuk universiti awam yang top la jugak di Malaysia dalam kos pendidikan.
396,Aku gembira sngat.
397,Nak jadikan cerita sebulan aku stay di sana aku rasa stress sangat sebab aku pi kelas naik bas.
398,Nak naik bas pula kena tunggu dan keadaan dalam bas tu sentiasa penuh dengan orang.Aku pernah lewat kena marah dengan lecture sebab lambat datang kelas pada hari pertama sedangkan aku bukan tertidur ke sengaja datang lewat cuma bas tu dah penuh aku terpaksa tunggu bas lain datang pula la.
399,Dan universiti aku ni pula besar first time datang nak daftar dulu pon aku sesat tak jumpa jalan.Macam2 terjadi dekat aku dekat sana.
400,Dalam sebulan tu jgak wifi universiti tak boleh nak connect dengan laptop aku.
401,Aku stress.
402,Terpaksa pergi Pusat Teknologi maklumat jalan kaki jauh la jugak sebab nak settlekan masalah ni.2 kali aku pergi ulang alik jalan kaki penat tau sampai ja sana terus berpeluh.
403,Aku bukan tak nak naik bus cuma aku tak tahu sama ada bus tu berhenti ke tidak kat pusat teknologi tu.
404,Daripada sesat aku ambik keputusan jalan kaki.Dan apa yang malang lagi roomate aku pula jenis buat hal sendiri je.
405,Tak pernah nak ambil kisah pasal aku ni.
406,Aku nak survive kat sini pon susah sebab aku tak ada kawan dan aku pula bukan jenis cepat bergaul dengan orang.So memang susah la bagi aku nak survive kat universiti tambah pula dengan banyak esaimen dan grup wassap melibatkan universiti saja ada sampai 24 grup.
407,Mesej chat sentiasa masuk sampai aku rasa lemas.Semua ni buatkan aku stress overthinking dan sampai satu tahap aku tak boleh tidur malam.
408,Otak aku tak berhenti berfikir dan aku serabut fikir banyak masalah sampai satu tahap aku keluar seorang pergi mall sebab nak release stress dan di situlah timbul satu idea nak bunuh diri.
409,Time ni aku ada dekat mall tingkat atas dan aku dengar suara orang berbisik â€œbest jugak kalau terjun niâ€.Start dari situ aku dah tak boleh nak kawal diri aku.
410,Aku rasa otak aku ni dah lost sekejap.
411,Tapi aku tak layan perasaan macam tu.
412,Aku terus call parents kata depress rasa nak bunuh diri.
413,Aku menangis dan aku cerita kat parents aku macam2 jadi dekat universiti sampai aku depress sangat.Dan malam tu jugak aku ambik keputusan nak balik rumah.
414,Sebab aku memang rasa ada yang pelik dengan diri aku.
415,Aku tak macam aku yang selalu.
416,Aku pon tak tahu macam mana aku boleh depress sampai tahap macam tu sekali.
417,Aku bersyukur sebab akhirnya sampai juga rumah walaupon time tu otak aku dah tak betul.
418,Aku menangis teruk dan give up dengan life kat sana.Aku beritahu parents nak berhenti belajar.
419,Lepas je berhenti belajar aku kemurungan pula.
420,Aku tak dak selera nak makan.
421,Otak aku 24 jam fikir nak mati.
422,Aku kecewa dengan diri sendiri sebab tak boleh nak survive kat universiti sedangkan antara goals aku adalah nak masuk universiti.
423,Aku selalu rasa nak cederakan diri aku.
424,Aku meroyan teruk.
425,Dan aku tak boleh nak tidur malam.
426,Otak ni kalau tak dapat rest atau tidur secukupnya memang tak boleh nak fikir dengan waras.
427,Dan smpai 3 hari aku tak mandi.
428,Rasa betul2 hopeless.
429,Dan 3 bulan tu juga aku tak keluar rumah sebab takut dengan orang sekeliling.
430,Dunia aku jadi gelap.Dan parents aku tengok keadaan aku makin teruk parents bawa pi rawatan islam.
431,(Time ni aku dengan parents tak tahu lagi yang aku kena penyakit depression).
432,Merata pi berubat sampai ada ustaz seorang ni kata aku ada saka.
433,Tapi aku rasa aku tak ada gangguan makhluk halus pon sebenarnya.
434,Sampai la satu hari ada orang suggest dekat parents aku suruh bawa pergi hospital pakar psikatrik.First time jumpa doktor aku rasa takut sangat.
435,Aku tak boleh nak pandang dan bercakap dengan doktor sebab otak aku 24 jam overthinking.
436,Aku just tunduk ketakutan dan aku menangis non stop.
437,Keadaan aku time tu sangat la lemah dan penat sebab otak non stop berfikir je.
438,Dan aku juga susah nak fokus dan mudah lupa.
439,Aku juga mengalami lupa ingatan sementara.Doktor tu kata kat parents aku bawa balik dulu nanti jumpa lagi.
440,And doktor tu bagi aku ubat banyak gila nak kena makan.
441,Aku balik dan hari2 aku makan ubat.
442,Alhamdulilah aku dah boleh tidur malam dan aku boleh kawal emosi aku.2 bulan selepas tu aku semakin baik dan sembuh.
443,Aku jumpa doktor tu lagi dan time tu baru ada keyakinan nak bercakap dengan doktor.
444,Dan doktor sahkan aku menghidap depresi dan kemurungan.
445,Doktor kata antara salah satu punca dia adalah kurang tidur.
446,Doktor selalu ingatkan aku supaya tidur kena cukup.Dan sekarang aku masih lagi menerima rawatan 3 bulan sekali.
447,Kadang2 aku rasa sedih hidup tengok kawan2 berjaya dan pergi belajar sedangkan aku sekarang menganggur ja.
448,Aku sempat kerja sebagai cikgu ganti selama 2 bulan selepas saja aku sembuh dari penyakit ni tapi dah habis tempoh kontrak.
449,Parents aku ada juga suruh apply kerja tapi aku tak berminat nak kerja benda yang aku tak suka.Buat masa sekarang aku masih lagi menunggu panggilan kerja sebagai guru ganti sebab hati aku ni tak terbuka nak kerja benda lain.
450,Aku semakin baik cuma aku kadang2 ada juga la rasa murung tu.
451,Aku dah tak happy macam dulu lagi.
452,Aku tetap bersyukur walaupon aku rasa ujian aku ni berat sangat tapi aku masih bernyawa lagi.
453,Allah tetap bagi aku hidup lagi.Semua yang berlaku pasti ada hikmahnya.
454,Tapi kadang2 aku fikir juga kenapa Allah bagi aku ujian macam ni penyakit yang luar nampak normal tapi dalam tu merana sangat.Aku tak tahu nak cerita penyakit aku dekat orang sebab kalau aku cerita pon mereka tak akan faham.
455,Mesti mereka akan judge aku yang aku ni lemah iman sedangkan aku dulu dekat universiti subuh dekat surau.
456,Solat lima waktu.Apa pon doakan aku dipermudahkan urusan nak sambung belajar balik dalam bulan 9 tahun ni.
457,Cuma sekarang aku buntu nak buat apa kat rumah lamaÂ².
458,Bosan teruk dengan takda kawan.
459,Itu saja cerita aku.
460,Terima kasih.â€“ FezzulÂ  (Bukan nama sebenar)Hantar confession anda di sini ->Â https://iiumc.
461,com/submit Aku terpanggil untuk tulis pengalaman aku lepas baca confession bertarikh 28/9/2018 bertajuk â€œdoktor dan kemurunganâ€ (https://iiumc.com/doktor-dan-kemurungan/).
462,"Moga kisah aku sedikit sebanyak dapat membantu insan-insan yang sedang cuba menyelesaikan isu kesihatan mental mereka.Aku rasa aku melalui fasa depression yang teruk sebanyak tiga kali, cuma kali ketiga baru dapat diagnosis rasmi dan rawatan yang betul.Kali pertama adalah 5 tahun lepas."
463,Masa ni aka sangat tak boleh function.
464,Bilik aku sentiasa bersepah macam kena ribut taufan.
465,Bahagian rumah lain aku kemas je sebab mak aku suruh.
466,Tapi bilik aku macam tongkang pecah.
467,Tidur aku haru biru.
468,Hidup aku tak ada arah tuju dan banyak jugaklah benda merepek aku buat masa ni antaranya lari daripada rumah.
469,Ade lagi yang lagi merepek tapu tak perlu pun confess.
470,"Senang cerita, aku memang tak ok.Time nilah aku mula hafal al-Quran, seperti kebanyakan netizen muslim aku pun ingat aku ni lemah iman je kot."
471,"So aku fikir cara terbaik untuk aku mantapkan iman aku adalah dengan hafaz al-Quran serta jaga tahajjud.Aku mula rasa hafaz al-Quran tu sangat menenangkan dan best, semakin dekat aku dengan al-Quran semakin aku jauh daripada derita aku."
472,"Dan bila kau menghafaz Kalamullah ni, kau kena tumpu 100% fikiran kau pada ayat al-Quran, well at least bagi aku lah cara aku menghafal macam tu.Tapi aku jadi macam robot."
473,24 jam aku dengan al-Quran.
474,Aku sentiasa menyendiri dengan al-Quran.
475,Dengan family aku makin jauh.
476,Diorg borak aku sumbat telinga dengan earphone dengar al-Quran.
477,End up aku hafal 6 juzu dalam masa 4 bulan (aku duk rumah time ni).
478,Dan hafazan ni adalah hafazan aku yang paling kuat sampai sekarang.
479,"Time ni juga setiap hari aku menangis, tapi aku happy sebab aku dah boleh function balik lepas mula menghafaz."
480,Tahun seterusnya aku ambil keputusan untuk hafaz al-Quran 30 juzu sebab bagi aku al-Quran penawar aku.
481,"Aku fikir, mesti aku takkan lagi lalui fasa yang menyakitkan tu kalau aku jadi hafizah."
482,Ternyata aku salah.Alhamdulillah aku diterima masuk sebuah institusi yang membolehkan aku hafaz 30 Juzu al-Quran.
483,Tahun pertama ok je.
484,Masuk tahun 2 aku mula rasa balik macam aku rasa dulu.
485,Di mana waktu tu aku pun tak tahu tu kemurungan ke apekebenda.
486,Malam aku xleh tidur.
487,Aku termenung je tengok silinh.
488,"Dok fikir macam-macam, antaranya cara nak bunuh diri."
489,Aku dah tak rasa nak hidup.
490,Kelas jangan cakap lah.
491,Aku rasa 40% kelas aku tak masuk.
492,Aku buat apa?
493,Aku termenung je time aku tak masuk kelas.
494,Tak termenung aku tertidur.
495,Terbangun daripada tidur aku termenung.
496,Ingat best?
497,Tak best langung.
498,Orang yang lalui je faham peritnya.
499,Aku pemalas?
500,Sila cuba dan fahami tentang depresi.Aku dah tak ada perasaan langsung.
501,Masa tu aku masih dok hafaz al-Quran.
502,Tapi aku menghafaz ikut sukatan je lah.
503,Aku dah tak semangat macam mula-mula.
504,"Bila kau dah biasa menghafal pulak, memang kejap je nak hafal satu mukasurat tu."
505,15-20 minit dah boleh ingat satu mukasurat.
506,So biasanya aku sebelum nak tasmik baru aku tengok dan hafal.Last-last aku dah rasa penat sangat dengan diri sendiri aku nekad pergi klinik psikiatri.
507,Masa tu aju dah nak habis belajar dah.
508,Lagi dua tiga bulan macam tu.
509,Lebih kurang setahun lebih jugak lah aku menderita.Ni lah first time aku jumpa dokto untuk isu kesihatan mental aku.
510,Dan pengalaman pertama aku tak best.
511,"Sebelum aku pergi klinik ni, aku dah cerita masalah aku dengan kawan, dengan ustaz, dengan ustazah, dengan kaunselor tapi mereka hanya mampu terkedu dan suruh aku bertabah."
512,So aku pergi jelah klinik psikiatri sebab aku tahu aku perlukan bantuan.
513,Malangnya pengalaman kali pertama ni x berapa best.Doktor ni perlekehkan aku masa aku nak explain apa yang aku fikirkan.
514,Aku cakap â€œI think of patternsâ€¦â€ belum sempat aku habiskan ayat ni doktor ni potong cakap aku dan dengan penuh kekerekkan beliau berkata â€œare you trying to diagnose yourself?
515,I do the diagnosis here okâ€ dan dia pun diagnose aku dengan poor sleep hygiene dan aku hanya stress dan bukan depressed.
516,"Aku ikut segala nasihat dan saranan doktor ni tapi aku jadi lagi teruk.Alhamdulillah Allah bagi aku otak yang agak cepat pickup jadi walaupun aku miss2 kelas dan x baca buku langsung, Allah rezekikan aku untuk berjaya habiskan belajar dan tamatkan hafazan 30 juzu."
517,Walaupun aku sampai sekarang rasa bersalah dengan pengajar2 aku sebab seolah aku tak hormat diorang.
518,"Dan aku juga rasa aku belum betul-betul hafaz al-Quran walaupun secara rasminya aku diiktiraf sebagai penghafaz al-Quran.Fast forward kepada tahun ni, aku lalui episod ketiga."
519,Dan kalau ikutkan aku dah malas nak jumpa doktor.
520,"Kalau kau ikut kata orang sebab iman lemah, aku dah siap hafal satu Quran lagi sebab nak pulihkan diri aku."
521,Kau rasa?
522,Aku rasa aku dah cuba segala-galanya tapi aku tetap miserable dan rasa tak nak hidup.Last2 aku pergi juga ke klinik psikiatri.
523,Sekarang aku dah masuk 5 bulan makan antidepressant pagi dan malam.
524,6 atau 7 kali sesi psikoterapi dengan doktor aku yang sangat2 baik.
525,Aku di diagnose dengan OCD dan depression.
526,Sebab apa?
527,Tu tak perlu tahu kot.
528,Panjang sangat ceritanya.
529,Point aku kat sini ada dua.1.
530,"Bagi yang sedang mengalami masalah yang kau rasa ada kaitan dengan kesihatan mental kau aku doakan kau tabah dan tetap teruskan untuk dapatkan rawatan, stick dengan rawatan, kalau dapat ubat kau makan, doktor suruh buat apa kau buat, doktor suruh tinggal apa kau tinggal."
531,"Doktor kau kerek, kaunselor kau tak dengar, kau cari lagi dan lagi dan lagi sampailah kau jumpa orang yang boleh bantu kau atasi masalah kau."
532,Doktor pun manusia jugak.
533,Mungkin nasib kau kurang baik dia bad mood masa hari kau jumpa dia.
534,Yang penting kau terus dan terus dan terus doa dan ikhtiar supaya kau ok dan boleh function balik.
535,Kesihatan mental SANGAT penting ok.2.
536,Kau sakit tak semestinya Iman kau lemah tapi tak semestinya juga Iman kau ok. Hakikat Iman tu memang naik dan turun ini memang ulama bersepakat tentang hakikat ini.
537,Kau sakit ke sihat ke iman kau memang turun naik.
538,"Dan kau sakit ke sihat ke kau sentiasa kena usaha perbaiki iman kau, perbaiki ibadah kau."
539,Ada kaitan tak dengan kesihatan mental?
540,"Bagi aku secara generalnya tidak, tapi dari segenap sudut ada kena mengena juga.Maksud aku, stigma yang depression yang PUNCA UTAMA adalah kelemahan iman tu bagi aku salah."
541,Iman ni Allah je yang tahu kat mana levelnya.
542,"Aku tak nafi, boleh jadi lemahnya iman tu ANTARA PUNCA kau kemurungan."
543,"So disebabkan mustahil untuk buktikan kelemahan iman ni punca kemurungan, sebab tu kalau kau cuba ambil langkah-langkah untuk kuatkan iman pun kau still murung."
544,"Macam aku dulu la, hari-hari baca al-Quran, solat cukup, orang sekeliling pun semua dok mengaji je tapi last2 kemurungan datang balik jugak."
545,"Tapi aku tak nafikan, yang aku hafaz al-Quran ni sangat membantu aku."
546,"Ayat-ayat Allah ni macam pelampung yang aku berpaut dalam ombak dan badai kemurungan yang hampir menenggelamkan aku.Kesimpulannya, bila kemurungan tu lau ikhtiar dapatkan rawatan perubatan dalam masa yang sama hubungan dengan Allah pun kau cuba improve."
547,Dan pandangan negatif termasuklah doktor atau kakitangan kesihatan yang tak memahami kau tolak tepi walaupun kau rasa sakit hati dan takde sape paham kau.
548,"Jangan biarkan pengalaman tak best menghalang kau daripada teruskan rawatan.Dan start je kau dapat diagnosis, time tu akan jadi lagi susah, aku mula aku amek ubat pun ade yg x kena, nak aplikasikan nasihat doktor daripada psikoterapi pun sakit, kau kena lawan diri kau."
549,It does not get easier but eventually it will.Keep moving.
550,Keep trying.
551,Teruskan bernafas walau kau rasa tak mau.
552,"Teruskan bernafas sampai kau betul-betul rasa nak hidup.Alhamdulillah sekarang aku dah sangat banyak improvement, asbab rawatan doktor aku dan sokongan orang-orang terdekat aku."
553,Semoga Allah rahmati mereka dan semoga lebih ramai doktor yang baik macam doktor aku.
554,Kau takkan tahu betapa nikmatnya perasaan nak hidup bila kau pernah lalui fasa taknak hidup.Last aku nak share.
555,Sentiasa amalkan doa ni :Ø§Ù„Ù„Ù‘Ù‡Ù… Ø¥Ù†ÙŠ Ø£Ø¹ÙˆØ°Ø¨Ùƒ Ù…Ù† Ø§Ù„Ù‡ÙÙ…Ù‘Ù Ùˆ Ø§Ù„Ø­Ø²Ù†Ada sambungan dia lagi korang carik lah sendiri eh.
556,"Hammi tu maksud die anxiety, hazan to sadness aka depression.P/s : aku pergi klinik kerajaan pada kedua-dua fasa yang berbeza tersebut.â€“ FibonacciHantar confession anda di sini -> www.iiumc.com/submit Hari ini, aku dapat tahu sendiri kenapa orang murung tak dapatkan pertolongan.Aku pergi klinik kesihatan hari ni."
557,"Dalam dua minggu lepas, perasaan yang dah lama aku tak rasa datang balik."
558,Dulu masa aku belajar dan masa aku bujang selalu la perasaan tu datang.Seingat aku ini kali pertama datang perasaan yang sama macam dulu sejak aku kahwin.
559,Pencetusnya?
560,"Aku pun tak tahu.Dalam dua minggu lepas, aku memang rasa down sangat."
561,Tanpa sebab.
562,Rasa sedih.
563,Rasa malas bangun tidur.
564,Aku bangun untuk solat subuh je.
565,Itu pun kadang2 aku burn subuh.
566,"Lepas subuh, aku tidur balik."
567,Takde semangat langsung nak bangun.
568,"Oh, aku kerja ikut suka aku."
569,Kerja bebas.Aku rasa sedih tak tentu pasal.
570,Takde sebab.
571,Rasa useless.
572,Rasa macam dulu la masa belajar.
573,Masa bujang.
574,Masa aku duduk sorang2.
575,Tapi ini kali pertama jadi lepas kahwin.
576,Otak aku asyik fikir kalau mati lagi best.
577,Aku dah prepare dah untuk isteri dan anak aku duit.
578,"Tak banyak, tapi ada la."
579,"Tapi fikir je, takde la sampai aku nak campak nyawa aku sendiri."
580,"Cuma macam bayangkan, death by proxy."
581,Mati sebab accident ke.
582,Aku ada la iman lagi.
583,"Aku tahu la dosa pahala.Satu malam dalam dua minggu lepas tu, aku scroll FB, search tentang depression."
584,"Jumpa la satu page ni, Malaysia Suicide Alert (MESRA)."
585,Aku try la pm.
586,tak berbalas sampai sekarang.
587,Aku cuba la call Befrienders.
588,Tak dapat.
589,Tapi aku faham la sebab dah tengah malam.
590,"Serius aku cakap, memang waktu tu aku serabut."
591,Aku rasa berat sangat nak buat benda yang aku selalu buat.
592,Aku rasa nak tidur je.
593,Aku monyok je.
594,Keluar dengan family pun rasa tak happy.
595,Aku sedih je.Aku jumpa satu link.
596,Questionnaire.
597,Saringan Kesihatan Mental.
598,Aku cuba la jawab.
599,"Dapat keputusan dalam email, dia suruh aku pergi ke Klinik Kesihatan."
600,"Esoknya aku pergi, aku tunjuk kat kaunter klinik kesihatan, diorang pun blur."
601,Tapi diorang suruh aku daftar dulu.
602,"Aku daftar, Aku tunggu lama."
603,Pastu aku balik sebelum sempat diorang panggil aku.
604,"Aku fikir, takpe la, aku setel sendiriâ€¦â€¦I got better a few days later."
605,Ada beberapa benda yang aku buat menjadi.
606,Aku semangat balik.
607,Aku ok balik.
608,Tapi perasaan tu masih ada la.
609,"Aku start balik bangun awal pagi, ulang balik rutin dulu."
610,"Pastu hari ini, aku buat keputusan untuk pergi klinik kesihatan lagi sebab aku ada gatal-gatal tanpa ruam yang miang sesangat."
611,"Pergi klinik kali ni, aku tunggu."
612,"Tunggu sampai dipanggil masuk bilik doktor.Jumpa doktor, aku cerita pasal gatal-gatal."
613,Dan biasalah doktor klinik kerajaan.
614,Beban kerja terlalu banyak.
615,Memang cuba secepat mungkin untuk selesaikan patient.
616,"Aku cuba cakap tentang ujian saringan depression yang aku ada ambil.Waktu ini, nampak gaya macam ada sinis sikit."
617,Macam mana nak cakap ye?
618,Macam gaya nak kata kita ni mengada-ada.
619,"Mungkin aku sangka buruk, tapi aku orang sales, aku boleh baca sikit2 gaya orang ni."
620,"But donâ€™t get me wrong, the doctor was still professional."
621,"Dia suruh aku ambil satu borang kat luar, suruh aku isi borang tu."
622,Borang DASS namanya.Borang mengandungi soalan2 yang lebih kurang sama macam soalan saringan depression hari tu.
623,Aku jawab la ikut arahan.
624,"Arahannya, berdasarkan apa yang kita rasa dalam seminggu yang lepas."
625,Aku masih rasa.
626,"Cuma dah kurang.Aku bawa balik masuk borang tu, Keputusan memang lebih kurang dengan saringan."
627,"Kemurungan â€“ Sangat TerukAnzieti â€“ SederhanaStres â€“ Sangat TerukOk, jumpa doktor balik."
628,Kesinisan bermula sekali lagi.
629,Doktor tanya soalan untuk pastikan sama ada aku faham soalan yang ditanya dalam borang.
630,Aku jawab.
631,"Ada cara doktor tu balas, itu biasa la."
632,Saya pun rasa macam tu.Cara doktor tanya macam menekan.
633,Macam aku ni sungguh mengada-ada.
634,"Ada satu part, aku beritahu tentang suicidal thoughts aku."
635,"Dia kata, â€œTapi takde la nak buat apa-apa kan?â€ Dan dia juga ada cakap, â€œTak bolehlah macam tu, bila terlintas, fikir anak isteriâ€."
636,Aku pergi jumpa doktor sebab aku fikir anak isteri la.
637,"Aku nak baik.Sampailah satu soalan, dia tanya tentang family, dia tanya aku tak boleh kongsi dengan isteri aku ke?"
638,Dengan parents macam mana.
639,SH*t. Masa ni aku nangis.
640,Sebak.
641,Tetiba.
642,Aku tak tahu kenapa.
643,Depan doktor tu.
644,Aku dah bertahun-tahun kot tak menangis macam tu.
645,Anak aku sakit dulu pun aku tak nangis macam tu.Last2 doktor set aku untuk terapi pemulihan carakerja.
646,Memang terapi yang aku nak.
647,"Bukan nak bantai ubat terus.Aku yang sepatutnya dah ok sikit, pasal insiden hari ini, dengan doktor tu, aku dah rasa macam haritu balik.Rasa nak mati jeâ€¦.â€“ AkuHantar confession anda di sini -> www.iiumc.com/submit Hai assalamualaikum nama mia ( bukan nama sebenar) 15 tahun."
648,saya ada satu perasaan yang saya sendiri tak tahu itu apa.
649,Then saya ade research membawa kepada di bawah ini.Tanda-tanda penyakit kemurungan1.
650,Perasaan murung atau sering marah-marah hampir sepanjang hari dan hampir setiap hari dalam tempoh dua minggu.
651,Perasaan ini dilaporkan oleh pesakit secara subjektif seperti perasaan rendah diri ataupun daripada pengamatan orang luar contohnya selalu menangis.
652,( ok ini memang selalu cth kalau hari tu kena marah or ada orang sumpah seranah even gurau je pon saya boleh dapat perasaan diri rasa â€˜xgunaâ€™ or benci dekat diri sendiri.
653,and macam ada orang bercakap dalam kepala â€˜ ko ni tak guan mia benda macam tu pon tak boleh buat ke?â€™ atau â€˜ ko ni tak layak hidup la miaâ€™ atau â€˜ semua ni salah ko la miaâ€™ kata- kata tu berlegar dalam kepala walaupun salah yang saya buat alahai sangat sikit.
654,Lagi- lagi bila orang salahkan saya depan â€“ depan secara gurauan dia punya feel tu macam dah tak nak buat ape dah.
655,Lebih tepat lagi rasa macam tak nak hidup bila ade orang salah kan kita la.
656,(nampak remeh kan sorry tak reti nak luahkan macam mana harap faham)2.
657,Tidak bersemangat atau tidak berminat melakukan aktiviti sosial yang biasa dilakukan hampir setiap hari.
658,Contohnya tidak berminat untuk bersukan lagi atau berjumpa dengan sanak-saudara.
659,sangat-sangatlah iye.3.
660,Berat badan merosot (~5%) daripada asal dalam waktu yang singkat atau kurang selera makan.
661,Yang ni tak kot sebab aq ni jenis banyak memikir bila penat memikir aq makan.4.
662,"Corak tidur berubah, sama ada kurang tidur (insomnia) atau terlebih tidur (hypersomnia).Yang ni sekarang ya."
663,"Tak tahu kenapa aq dari dulu lagi kalau buat ujian yg stress, depression, anxiety."
664,Depression dengan anxiety tahap max nun.
665,kuat tidoq waktu tu la ni ja tiba-tiba dia berubah.5.
666,"Perubahan dalam melakukan aktiviti seharian, sama ada terlebih aktif atau kurang aktif."
667,yup ni ye ( kadang â€“ kadang benci dengan diri sendiri sebab ni)6.
668,Selalu letih dan kurang tenaga dalam melakukan aktiviti harian.
669,even sabtu ahad cuti pon rasa tak larat sangat nak buat keje.
670,Rasa letih dia macam orang kemas rumah dari A-Z .7.
671,Perasaan bersalah yang tidak setimpal dengan sesuatu kesalahan perbuatan atau merasakan diri tidak berguna ( yang ni sangat -sangat accurate 10/10.
672,suka sangat salahkan diri sendiri sebab tu saya lebih suka berdiam diri kalau jadi apa-apa saya tak kena mengenalah)  8.
673,Tidak mampu memberikan konsentrasi atau berfikir secara rasional.
674,Pesakit juga merasakan susah untuk membuat keputusan dalam kehidupan hariannya.yup9.
675,"Berfikir tentang keinginan untuk mati atau bunuh diri dengan kerap, atau mempunyai pelan masa hadapan untuk membunuh diri.Tidak ni je tak mungkin sebab saya agama islam saya rasa selagi solat tak tinggal saya ok je."
676,"cuma bila perasaan tu datang susahApa yang saya nak cakap, tiap-tiap hari saya akan pikir â€˜hidup aq esok macam mana?â€™ â€˜malasnya nak hidupâ€™ â€˜ tak bergunanya aqâ€™ â€˜ susahnya tu susahnya niâ€™ Lagi satu rasa benci dekat diri sendiri tu sangat2 kuat tiap- tiap hari."
677,saya ni spesies kalau bnda tu pengalaman mennyakitkan hati jiwa dan raga otak saya cepat je lupa.
678,sesetengah la.
679,so tak pasti apa sebab nak benci diri sendiri tu.Ha lagi satu kadang tu tanpa sebab tiba-tiba nak nangis.hmmm tu je lah kot ciri-ciri yang aq hadap setakat ni.
680,"aq takut sebab orang cakap depression ni jangan main -main.Justeru, jika anda merasakan anda atau orang terdekat anda mempunyai gejala- gejala yang disebutkan di atas dalam tempoh waktu yang sudah lama, adalah lebih baik anda mendapatkan pertolongan daripada doktor anda atau hubungi mereka yang boleh memberikan pertolongan seperti di bawah.no.1 dan 2 dan 7 sangat lah diri saya."
681,"persoalannya, adakah saya depression?p/s: saya agak2 mesti ramai cakap saya acah depression."
682,saya cuma nak tau saya kategori mana je harap dapat membantu saya.
683,saya tak de tempat nak luah.
684,mereka tak faham sebab saya tak reti bercerita.
685,kalau rasa merepek maafla saya tak reti bercerita.
686,(lagi satu thanks admin kalau publish) Harap dapat komen yang membantu.Terima kasih semua.â€“ miaHantar confession anda di sini ->Â www.iiumc.com/submit Assalamualaikum dan salam sejahtera kepada pembaca IIUM Confessions dan para admins.
687,"Terlebih dahulu, saya berterima kasih kepada pihak admins jika coretan ini diterbitkan."
688,"Walaupun tidak diterbitkan, terima kasih kerana sudi membaca.Saya mulakan dengan pengenalan diri saya."
689,"Nama saya Tia, anak sulung daripada tiga beradik."
690,"Sebagai anak sulung, saya sedar jika sesuatu berlaku kepada ibu bapa saya, secara automatik tanggungjawab keluarga dipikul oleh saya."
691,"Sebenarnya, saya merasakan bahawa saya mengalami kemurungan."
692,"Ya, saya pasti ramai pembaca akan menyuruh saya untuk berjumpa dengan doktor untuk kepastian."
693,Ada beberapa sebab yang menyebabkan saya untuk tidak pergi berjumpa dengan doktor.Kisah saya bermula sewaktu saya sekolah rendah.
694,"Seorang pelajar yang pintar dan disayangi guru, kehidupan saya dipenuhi dengan momen ceria."
695,"Namun, semua itu berubah apabila saya mengalami epilepsi atau lebih dikenali sebagai sawan."
696,Penyakit ini secara tidak langsung telah mengubah kehidupan saya.
697,Penyakit saya dibicara oleh para guru tanpa segan-silu malah ada pelajar mendengarnya.
698,"Saya diejek dengan perkataan â€œsawan babiâ€, â€œwayar putusâ€ dan beberapa perkataan yang sudah saya lupakan."
699,"Sampai satu ketika, saya pernah menangis kerana diejek sebegitu."
700,"Faktor ejekan tersebut mendorong saya untuk membuat keputusan memasuki sekolah menengah di mana tiada langsung pelajar sekolah rendah yang sama dengan saya.Alam sekolah menengah, saya menyembunyikan penyakit saya dan Alhamdulillah, saya tidak diserang sawan sehingga Tingkatan 3."
701,"Ketika itu, ayah saya bertugas di luar negara."
702,Hanya ibu yang mengurus keluarga.
703,"Sewaktu penyakit ini menyerang, saya melihat betapa lemahnya seorang ibu."
704,"Dia yang tak pernah tunjuk penatnya, menangis melihat saya diserang sawan."
705,Malah ayah saya turut dihubungi dan diminta pulang dengan kadar segera.
706,"Pada ketika itu, saya tidak merasakan apa-apa."
707,Tumpuan saya hanya pada PMR.
708,Saya lulus dengan cemerlang and juga bersyukur kerana rakan-rakan serta para guru langsung tidak pernah menyebut soal penyakit saya.
709,"Namun begitu, kami sekeluarga terpaksa berpindah atas tuntutan kerja ayah.Di sini, bermula episod kemurungan saya."
710,Saya yang berasal daripada sekolah perempuan sahaja memasuki sekolah di mana pelajarnya bercampur lelaki dan perempuan.
711,Membawa nama sekolah perempuan saya pada ketika itu telah menyebabkan saya dipulau tanpa ditanya apa-apa.
712,Saya hanya berkawan dengan rakan-rakan cina.
713,"Pada ketika ini, saya merasakan kehidupan saya sunyi dan saya memberontak secara diam terhadap ibu bapa saya."
714,Pelajaran saya mulai merosot dan kedatangan saya ke sekolah diselangi dengan ponteng di bawah pengawasan ibu saya.
715,Saya menjadi seorang yang lebih gemar bersendirian dan mula mencipta rakan imaginasi.
716,Sehingga sekarang ibu bapa saya tidak tahu soal rakan imaginasi saya.
717,Kejadian pulau itu tidak berlarutan lama.
718,"Setelah saya menjelaskan nama sekolah lama dan berbuat baik, ada yang sudi berkawan dengan saya."
719,"Namun begitu, saya tidak meletakkan sepenuh kepercayaan terhadap mereka."
720,"Malah, pada waktu itu saya tidak mempercayai sesiapa kecuali diri saya.Tamat persekolahan, saya banyak menghabiskan masa di sosial media."
721,Medium ini menjadi tempat saya meluahkan perasaan malah rakan maya saya banyak membantu saya.
722,Saya meneruskan pengajian ke sebuah universiti dan di sana saya mula mempercayai rakan sekelas saya.
723,"Ibarat kaca yang telah dicantum berderai semula, begitu juga kepercayaan saya."
724,Saya ditinggalkan oleh rakan sekelas saya malah dipulau secara tidak langsung oleh mereka.
725,"Bahkan, para pensyarah dapat melihat apa yang dilakukan oleh mereka terhadap saya."
726,Saya mula bergerak secara solo dan perangai ini saya bawa ke pengajian ijazah.
727,"Sewaktu pengajian ijazah, saya bertemu dengan rakan-rakan yang sekarang ini saya anggap keluarga kedua saya."
728,"Soal percaya, ya saya masih tidak mampu mempercayai manusia sepenuhnya."
729,"Bahkan, diri saya sendiri saya tak mampu untuk percaya."
730,Saya mengalami kemurungan kali ketiga sewaktu tahun ketiga pengajian ijazah.
731,Saya kehilangan seorang rakan baik dan pada waktu yang sama saya mengetahui bahawa orang yang saya menaruh harapan hanyalah mempermainkan saya.
732,Kehilangan rakan baik ditambah pula kesibukan membuat tesis telah mejadikan saya terlampau stres.
733,"Apabila stres saya memuncak, saya mula memikirkan tentang kesedihan saya dan tidak melakukan sebarang kerja."
734,Hanya tidur dan menyelubungi diri saya dengan selimut.
735,Air mata gugur berkali-kali.
736,Tiada siapa pun tahu.
737,"Malah sehingga sekarang, apabila kemurungan melanda, saya hanya mampu menangis dalam senyap tanpa pengetahuan sesiapa.Saya tidak pasti berapa ramai lagi pembaca yang sedang membaca kisah saya."
738,Berbalik kepada soalan mengapa saya tidak berjumpa dengan doktor untuk kepastian.
739,Saya yang mempunyai tahap keyakinan diri yang lemah.
740,Ibu saya menyedari hal ini dan sering membezakan saya dengan adik saya.
741,Hal ini telah mengakibatkan diri saya berada dalam keadaan stres.
742,"Selain itu, saya merupakan seorang yang pendiam dan hanya berbicara jika perlu."
743,"Berat mulut, itulah ungkapan ibu saya kepada saya."
744,"Ya, saya mampu untuk pergi ke hospital sendiri."
745,"Namun, kehidupan saya sentiasa dibayangi ibu bapa saya."
746,Tidak kah mereka pelik untuk apa saya pergi ke klinik atau hospital sedangkan saya sihat?
747,Malah setiap pergerakan keluar masuk rumah saya pasti ditemani oleh ibu bapa saya.
748,Memberitahu soal kemurungan kepada ibu bapa?
749,Kepercayaan saya terhadap mereka belum pulih sepenuhnya.
750,Saya juga masih ingat sesi di hospital di mana ayah saya berpura-pura menghidap sawan sedangkan saya yang sakit.
751,"Wajarkah saya untuk membebani hati serta kepala mereka dengan kemurungan saya?Jika dahulu, saya hanya menangis."
752,"Tapi kini, saya membayangkan pisau dan saya pasti anda memahami apa yang saya bayangkan."
753,Saya sedar kemurungan saya semakin teruk dan saya perlu bantuan segera.
754,Saya berharap agar saya cepat mendapatkan pekerjaan dan keluar daripada rumah.
755,"Dengan cara ini, saya dapat pergi mendapatkan bantuan tanpa pengetahuan ibu bapa.Saya berharap sangat para pembaca dapat membantu saya secara tidak langsung."
756,Berhati-hati dengan komen anda kerana bisa kata-kata boleh menjatuhkan seseorang.â€“ TiaHantar confession anda di sini ->Â www.iiumc.com/submit Assalamualaikum admin iium confession.. Terima kasih kerana sudi menyiarkan luahan ini.Luahan ini adalah bertujuan untuk memujuk hati saya sendiri dan mendapat sokongan untuk keluar daripada kemurungan yang telah saya alami sejak 2tahun yg lalu.Saya merupakan seorang wanita yg berumur 26 tahun yang telah berkahwin dan mempunyai seorang anak.
757,"Sebelum ini saya merupakan seorang pelajar cemerlang, aktif ,periang di rumah dan agak pendiam dalam kalangan kawan sekelas kerana sifat saya yang agak pemalu."
758,Saya tidak pernah dibiasakan oleh keluarga untuk melihat pertengkaran walaupun kecil dan jarang sekali marah dalam kalangan rakan sebaya.
759,Boleh dikatakan mereka tidak pernah melihat saya dalam keadaan marah.
760,Saya juga merupakan seorang yg pemaaf.
761,Bagi saya setiap org akan melakukan kesilapan dalam hidupnya dan layak untuk diberi peluang berkali-kali sehingga akhir hayatnya.Namun kini saya berubah menjadi seorang yg pemarah.
762,Saya sedang bergelut dengan satu perasaan di mana saya harus memaafkan orang sekeliling dan diri saya sendiri.
763,Dan kemarahan itu saya luahkan dengan tangisan.
764,Setiap hari zikir di lidah dan hati saya ungkapkan namun gangguan daripada syaitan kadangkala menguasai diri saya.
765,Dalam satu keadaan saya akan hilang dari kesibukan dunia.
766,"Apa yg saya rasa hanyalah tekanan yg terlalu kuat semata mata sehingga menyebabkan saya terlalu letih dan tidak dapat menyelesaikan tugas sebagai seorang ibu dan isteri dengan sempurna.Saya kerap melakukan kesalahan bodoh seprti lupa di mana meletakkan kunci, tidak dapat menyusun barang dengan baik, tidak peka dan tidak terurus."
767,Bagi saya tiada apa lagi yg ibu bapa dapat banggakan dengan saya.
768,Saya rasa tidak layak untuk bergelar seorg isteri.
769,Yang saya tahu saya rasa seperti seorg pekerja yg diletakkan di sebuah tempat dimana saya perlu ikut rentak semua orang di dalamnya.Saya tahu apa yang saya fikirkan adalah salah.
770,"Tetapi saya tetap menerima tekanan apabila mendengar pertengkaran, dimarah atas kesalahan kecil berkali kali."
771,Saya rasa sedih.
772,Sangat sedih.
773,Bagi saya punca utama terjadinya kemurungan ini adalah pada waktu saya sedang sarat mengandung suami saya selalu mencari peluang untuk bermesej dengan kawan kawan perempuannya.
774,Sejak awal perkahwinan lagi saya telah memaafkan beliau kerana saya yakin satu hati nanti dia pasti berubah menjadi seorang lelaki yg soleh.Namun sehingga saya melahirkan anak dia masih melakukan perkara yang sama.
775,Pada satu tahap diri saya hilang kawalan dan menjerit seperti orang gila.
776,Perasaan sedih seakan akan tidak dapat dibendung lagi.
777,Saya meminta suami saya untuk menceraikan saya namun dia masih sayangkan saya.
778,Namun hati ini telah parah.
779,Terasa seperti ditikam berkali kali.Sehinggalah pada saat ini suami saya telah berubah ke arah kebaikan namun kini saya tidak dapat mengawal perasaan saya apabila saya berhadapan dengan situasi pertengkaran.
780,Saya hilang.
781,Saya hilang darpada dunia seorang ibu dan isteri.
782,Apa yg saya rasa kini hanyalah tekanan kuat dalam diri.
783,Hilang keyakinan dan selalu bersedih.
784,Kini suami selalu memberi semangat.
785,Tapi dalam memberi semangat itu terkadang terkeluar kemarahan dan ego nya sebagai seorang lelaki.
786,Dan saya akan terus bersedih merasakan tiada guna nya lagi menjadi seorang isteri.
787,Saya menangis sekuat hati sehingga sakit segala isi.
788,Menggigil tubuh ini menahankan emosi.
789,Kuatnya ujian ini bagi saya.Saya tahu.
790,Saya perlu suburkan hati dengan kesyukuran.
791,Namun setiap kali saya mengalami tekanan tersebut saya akan hilang.
792,Saya tergamam memikirkan pengorbanan saya melahirkan dan memaafkan disiakan begitu sahaja.
793,Kini suami telah menjadi semakin baik dan saya sedang melawan perasaan untuk melupakan segala keburukan.
794,Saya tahu Allah adalah tempat untuk mengadu.
795,Saya tahu Allah sahaja yang mampu memulihkan hati saya.
796,Saya perlu usaha lebih lagi untuk keluar daripada kemurungan ini.Saya manusia yang penuh dengan kesilapan.
797,Saya ingin kembali menjadi seorang isteri yang solehah yang sentiasa mendoakan suaminya.
798,Saya rasa berdosa.
799,"Saya rasa jahat dan kejam kerana dengan keadaan kemurungan ini telah memberi kesan yang tidak baik terhadap orang sekeliling terutamanya keluarga terdekat.Saya cemburu melihat isteri solehah yg meletakkan niqab di atas mukanya,berjalan penuh keyakinan."
800,Tak mengharapkan apa apa daripada manusia.
801,Hanya Allah tempat bergantung semata mata.
802,Saya cemburu melihat kekuatan seorang wanita yang bergelar suri rumah.
803,Saya cemburu melihat kebahagiaan rumah tangga.Kini saya ingin bangun melawan segala hasutan syaitan.
804,Kini saya ingin keluar daripada segala kemurungan dan ingin menjadi seorang isteri solehah yg sentiasa memaafkan dan memberi pedoman.
805,Saya tahu ramai yang mengalami situasi ini tapi.tak terungkap dengan luahan kata kata apa yang dilaluinya.Terima kasih kepada pembaca.
806,Saya mengharapkan secebis doa daripada kalian supaya hati ini kembali kuat dan teguh apabila diuji.
807,Sokongan dan pemahaman amat diperlukan pada saat ini.Semoga kita menjadi umat yg kuat diakhir zaman ini.â€“ IntanHantar confession anda di sini ->Â www.iiumc.com/submit Kemurungan dan Rasa Cemas yang tak dapat Di kawal.
808,Pengakuan diri sendiri harap dapat membantu sesiapa yg pernah dan tengah alami di luar sana.
809,Ini berlaku setelah aku bertukar tempat kerja yg nyata pada awalnya dapat di urus dengan baik tetapi setelah 3 bulan di tukar ke assignment yang lebih susah.
810,Assignment baru ini telah menyebabkan ramai rakan rakan kerja sejawatan dan rakan rakan lain telah ambil keputusan untuk berhenti dan menukar kerja ke jabatan lain ataupun ke syarikat lain.
811,benda nie berlaku di syarikat international-kilang electronics.
812,Bagi aku .. aku suka dengan challenge dan aku sahut cabaran dari boss aku .. yg mana boss aku nie aku katergorykan old style dan lembab dalam buat keputusan .. bayankan satu isu meeting untuk finalize boleh ambil masa sampai 4 jam .. kadang kadang stress bukan sebab kerja tapi sebab terlampau banyak menunggu keputusan dari boss.
813,diri terkesan apabila kesibukkan melampau sehingga banyak kerja yang tertangguh di sertai dengan di herdik dan di marah oleh orang atasan di sebabkan KPI tidak seperti yang di hendaki.
814,Badan akan rasa panas sejuk tetapi bukan demam.. banyak masalah yang di fikirkan dan setiap masalah kita nak selesaikan dengan yang terbaik.
815,bermula kisah setelah 2 bulan di dalam project/ assigment baru â€¦ kesibukkan dia sampai hanya sempat ambil lunch sahaja .. dan waktu solat sentiasa delayâ€¦ kadang kadang siap kena qodaâ€™ sebab berada dalam meeting.
816,kemuncak Depression and Anxiety Disorders ini apabila perasaan nak bunuh diri datang â€¦ di sebabkan give up yang teramat sangat .. aku alami benda nie setelah 5 bulan dalam keadaan Depression and Anxiety Disorders Selain seram sejuk diri rasa macam kecil sekecil nya dan rasa rendah diri yang amat sangat sehingga untuk berjumpa jiran tetangga pun boleh nak pitam â€¦ dengan kenalan lain lagi laa.. pernah pitam 2 kali semasa solat berjemaah.
817,sebab rasa rendah diri dan tidak cukup tidur.
818,Langkah paling selamat untuk elakkan dari buat benda paling bodoh adalah : 1- banyakkan diri berada di surau dan masjid ..mengaji quran dan dengan kuliah â€¦ini aku hanya sedar setelah hampir sembuh di mana setelah 7 bulan menderita.
819,2- jangan bersendirian.
820,kalau rasa rendah diri kena berada dalam jemaah yang ramai .. seperti di masjid atau pasaraya .. (Pernah stay kat surau hotel tingkat 14 sorang diri dan plan nak terjun ikut tingkap â€“ astaghfirullah)sila jauhkan dan jangan buat.
821,3- pernah berada dalam kereta dan ambil tali pinggan kaledar jerut leher.. nasib masih hidup .. Alhamdulillah- jangan terpenung walaupun dalam keretaâ€¦.
822,4- Aku berhenti kerja dan dapatkan kerja di tempat yang lebih senang/mudah.
823,dengan kommitment yang tinggi.
824,aku redah dan nekad .. Alhamdulillah .. Allah penentu segalanya .. untuk kurang stress.
825,jangan terus kalau diri dah rasa give up.
826,5- solat sunat dan qada solat lepas banyak banyak kalau tak boleh tido .. mengaji .. insyaAllah akan sampai masa mata akan tertidur dek syaitan ni rojim yang tak suka kita buat kebaikan .
827,"6- perlu ada rakan bercerita atau paling tak untuk makan sekali .. 7- berserah pada Allah untuk jalan penyelesain dan follow the flow sampai sembuh .. baca quran , zikir dan berdoa sentiasa dan setiap masa .Ingat Depression and Anxiety Disorders penyakit kategori amat bahaya .. sihat tubuh badan tapi mental sengsara."
828,Aku pernah ke klinik psikitiarik dan juga hospital pakar sakit jiwa ( 6 bulan lebih ulang alik untuk dapatkan rawatan ) mereka hanya banyak bagi nasihat dan ubat penenang.
829,diri sendiri kena kuat untuk keluar .
830,Aku juga berusaha dengan rawatan islam .. Alhamdulillah .. rawatan di perak dapat beroleh perubahan dalam diri dan sampai sekarang Alhamdulillah penyakit x datang lagi dan aku tak nak ada penyakit tuh lagi.
831,kepelbagaian rawatan dengan dalam hati jangan syirik/ sekutukan Allah .. tanam dalam diri Allah penyembuh .
832,kita hanya berusaha â€¦ Untung ada isteri dan keluarga yang sentiasa beri sokongn dan dorongan .
833,alhamdulillah.. HARGAILAH ORANG DISEKELILING KITA KETIKA KITA SUSAH.
834,â€“ DartHHantar confession anda di sini ->Â www.iiumc.com/submit Terima kasih admin kerana sudi menyiarkan confession aku.
835,"Maaf kalau cerita ini panjang, tapi terima kasih pada sudi membaca."
836,"Aku harap ada terbuka minda sedikit jika baca idea korang nanti.Ini sebenarnya kali pertama aku berani meluahkan walaupun dah berkali-kali cuba.Ringkasnya, dari dulu aku memang seorang yang tidak berapa pandai jika dibandingkan dengan orang lain."
837,Aku lambat faham dan selalu rasa ketinggalan.
838,"Tapi berkat usaha dan doa, aku tunjukkan semangat yang aku nak sesuatu itu."
839,Contoh masa aku UPSR.
840,Aku tak pernah dapat A pun apa apa subjek sehingga dipanggil bodoh oleh rakan sekelas.
841,"Tapi sekali lagi, aku nekad untuk dapatkan target tu."
842,"Akhirnya, aku berjaya raih 5A dan rangkul anugerah pelajar berpontensi.Tapi tu zaman UPSR."
843,"Aku perlu cerita ini, sebab saat itulah yang jadikan aku sebagai anak harapan kepada ibu bapa aku."
844,Aku mula ditaruh setinggi harapan setiap zaman sekolah sehingga sekarang.Sekali lagi aku nyatakan aku bukan seorang yang pandai.
845,Tapi sentiasa fokus dalam kelas dan aku akan mengulangkaji ketika semua tidur.
846,Perangai tu aku terbawa sehinggalah zaman Universiti.Aku jenis tak boleh nak study waktu ada orang.
847,Rasa macam diperhatikan.
848,"Oleh itu, ramai yang menganggap aku semulajadinya seorang yang bijaksana."
849,"Sebab hidup selalu happy je dan tak study, tapi result Alhamdulillah.Tapi biasalah setiap orang ada saat naik surutnya, jika aku perhatikan garis hidup aku sekarang."
850,"Aku seorang graduan Prauniversiti (STPM), aku tak berniat nak ambil STPM langsung."
851,Tapi disebabkan result SPM yang mengecewakan.
852,Aku hanya ada dua pilihan.
853,STPM atau Politeknik.
854,"Aku pilih STPM atas desakan keluarga, dan aku berjaya jadi pelajar cemerlang STPM."
855,"Top5 dalam tingkatan aku.Memang membanggakan sehingga zaman Uni, aku menyambung pelajaran di Universiti awam.Pada awalnya memang aku memang tunjukkan prestasi yang sangat bagus dan sentiasa bersemangat."
856,"Tapi pada tahun akhir ijazah aku, aku mulai jatuh."
857,"Aku mula hilang fokus, aku tak dapat menyiapkan tugasan dalam masa yang diberikan."
858,"Aku jadi hilang semangat dan seolah olah kemurungan.Aku akan menangis seorang diri, dalam tidur bila mengenangkan prestasi yang tak cemerlang."
859,Dan aku sukar tidur pada waktu malam.
860,"Bila ditambah dengan tekanan dari keluarga, selalu menekan aku."
861,Aku jadi lagi tertekan.
862,"Aku akan jadi iri bila lihat orang lain sudah berjaya dan aku terus keluar dari media sosial apabila terlihat post post kawan kawan yang berjaya.Sehingga kini, aku masih terperangkap dalam diri sendiri bila masih lagi tak berjaya menyiapkan Final Year Project (FYP)."
863,Setelah satu sem aku extend.Aku bukan nak menunding jari tapi aku dapat rasa ini bukannya salah aku seorang.
864,Pensyarah yang sepatutnya mengawasi aku pun tidak bertindak sepatutnya.
865,"Dia buat endah tak endah pada aku, dan bila aku bertanyakan soalan."
866,Dia akan memusingkan perkara tu seperti semuanya salah aku.
867,"Tapi tidak apa, sebab aku tetap salah."
868,"Aku tidak letakkan kesungguhan sepenuhnya.Disebabkan aku selalu rasa down, aku selalu memikirkan tentang bunuh diri."
869,Aku tak tahu betapa rapuhnya iman aku sampai terfikir nak berbuat demikian.
870,"Tapi sampai sekarang, aku masih tak lakukan sebab aku tak boleh siakan ibu bapa aku dan semua orang yang ada dengan aku.Aku dekatkan diri dengan Tuhan, aku bersungguh nak khatam Alquran (ya, aku masih belum khatam walaupun umur dah bangka).Aku terfikir untuk mengambil cuti sementara dan mungkin bekerja untuk alihkan perhatian aku dengan pelajaran."
871,Ye mungkin dengan kelulusan macam ni apa je kerja aku boleh lakukan.Tapi aku perlu counter semula fikiran dan tahap mental aku.
872,Aku bukan lembik tapi cukuplah aku kata aku tak cukup kuat.â€“ NurulHantar confession anda di sini ->Â www.iiumc.com/submit Assalamualaikum dan selamat sejahtera.
873,Ini adalah pertama kali aku tulis confession.
874,"Sebelum aku bercerita lebih detail, biar la aku ceritakan latar belakang aku sikit2.Namaku Jaana."
875,Bukan Janna Nick ya.
876,"Umurku 37 tahun, ibu beranak 4."
877,"Dan sekarang (Dec 2020), aku mengandung 5 bulan anak kelima.Aku telah 14 tahun bekerja di IPTS."
878,3 tahun pertama bekerja di Bhg.
879,Hal Ehwal Pelajar (HEP).
880,"Kemudian, bila nak berkahwin pada Nov 2009, aku mohon tukar department kerana di sini hampir setiap minggu ada aktiviti pelajar dan selalu outstation.Akhirnya, aku dapat tukar ke Bahagian Visa dan Pas Pelajar untuk pelajar antarabangsa."
881,Di sini aku bekerja selama 10 tahun.Walaupun di sini lebih sibuk dari Bhg.
882,"HEP, tetapi aku bahagia."
883,"Tugasku mengurus permohonan visa dan pas pelajar untuk pelajar baru.Stress sikit2 berhadapan dengan pihak Imigresen, Kementerian Pendidikan Tinggi (KPT), Kementerian Dalam Negeri (KDN) tu ada la, dengan pelajar antarabangsa lagi yang banyak kerenah, tetapi aku ok je bekerja."
884,"Mungkin kena dengan jiwa aku.Kemudian disebabkan trend kemasukan pelajar antarabangsa makin berkurangan secara keseluruhan termasuk di IPT lain, IPTS aku pun terlibat juga, pihak HR (Sumber Manusia) ingin mengurangkan staff di bhg."
885,"aku bekerja.Daripada 4 staff termasuk Pengurus, 2 orang Penolong Pengurus dikeluarkan/ dipindahkan (transfer) ke department lain."
886,Aku salah seorang yang dipindahkan.
887,"Jadi, bhg."
888,"aku bekerja hanya tinggal 2 orang sahaja iaitu kerani dan Pengurus sahaja.Aku dipindahkan ke Fakulti pada Oktober 2019, ketika itu, aku mengandung 7 bulan, anak keempat."
889,"Di sini aku banyak buat kerja2 admin.Takde la keluar selalu pergi imigresen, embassy, dll."
890,"Kat sini aku pegang 2 skop kerja, iaitu Bhg."
891,Peperiksaan dan urusan pelajar pascasiswazah yang ambil Master dan Ph.D. Banyak benda baru belajar di sini.
892,"Ambil masa juga untuk belajar banyak benda.Di Fakulti, aku ada rasa berdebar nak dtg ofis, buat kerja yang banyak, tetapi aku hadapkan juga sampai la aku bersalin pada bulan December 2019.Dalam pantang pun aku ada buat kerja2 yang pending sebelum melahirkan anak seperti buat minit mesyuarat utk urusan pelajar pascasiswazah, review permohonan pelajar Master dan Ph.D.Apapun, bermula dlm pantanglah, aku dah mula rasa tak best dengan kerjaku."
893,Aku mula rasa berdebar2 nak masuk ofis balik utk bekerja.
894,Aku banyak termenung.
895,"Tak enjoy dengan moment yang sebenar (not being present).Masuk pertengahan Feb 2020, aku masuk kerja balik setelah cuti bersalin selama 2 bln."
896,"Dapat la dalam sebulan bekerja, sebab lepas tu Mac 2020, PKP.Dalam pada tu, di ofis, aku selalu sangat berdebar, semua yang aku buat serba tak kena."
897,"Kerja banyak, tapi aku tak tau nak buat mana dulu."
898,"Walaupun aku dah tulis lists apa aku nak buat, nanti aku termenung."
899,"Sebab masa buat tu, nanti aku fikir, kerja yang lain tu tak buat lagi.Email ni tak jawab lagi."
900,Lepas tu aku kelam kabut buat itu ini.
901,"Contoh, aku nak makan, tapi makan dengan kelam kabut, lepas tu nak buat kerja, then termenung.Lepas tu nak g toilet, pergi toilet cepat2, sebab tak nak buang masa lama2 sebab nak buat kerja."
902,"Lepas tu nak buat kerja, ada yang menghalang, seperti panggilan telefon, ada pensyarah nak jumpa, student nak jumpa.Reply email."
903,Masa ni selalu rasa sesak dada.
904,Rasa nak meletup.
905,Sebelum ni tak tahu macam mana rasanya bila orang kata sesak dada.
906,"Lama2 aku jadi fed-up.Kemudian dah nak dekat sebulan bekerja lepas cuti bersalin, dalam bulan Mac 2020 kena PKP yang pertama kali sbb Covid-19."
907,"Kena la Work From Home (WFH).WFH sangat mencabar di mana kena kerja dan masa tu anak2 pun di rumah, dengan meeting online lagi dan buat minit mesyuarat, jawab email.Mula2 hadap je."
908,Lama2 aku jadi fed-up.
909,Aku macam ignore je email2 kerja.
910,"Tapi, aku fikir jugak pasal hal kerja."
911,Mula la aku selalu menangis tiba2.Selalu tak cukup tidur.
912,"Jam 3 atau 4 pagi selalu terjaga, dan bercakap kat diri sendiri, â€œYa Allah, aku benci betul kerja aku ni.â€ Kemudian menangis.Ada la dalam 2 minggu macam ni."
913,Selalu mengenangkan diri kenapa la aku ditukarkan ke Fakulti.
914,Rasa benci sangat.
915,Kadang2 rasa nak berenti kerja jual nasi lemak atau mee kari je tepi jalan.
916,"Tapi, memang sayang nak berenti sebab dah kerja 14 tahun di IPTS ni.Masuk bulan May 2020, dah mula boleh bekerja masuk ofis bergilir."
917,"Dlm satu minggu tu, 2 hari WFH, 3 hari datang ofis."
918,"Masa ni la, aku selalu menangis dalam bilik ofis, g toilet menangis, tengah solat pun menitik air mata menangis.Datang kerja dan balik kerja pun, menangis dulu sebelum masuk ofis atau sebelum drive balik rumah."
919,"Aku dah mula rasa aku bukanlah aku yang dulu sebab selalu menangis, kadang2 ketawa jugak lepas menangis.Biasanya bila sorang2 la."
920,Macam watak Joker lakonan Joaquin Phoenix.
921,Ada jugak rasa macam nak terjun bangunan je.
922,"Tapi, masih waras.Dan aku google, ini mungkin simptom2 depression (kemurungan)."
923,"So, ada sekali tu aku terkena gastrik, aku g jumpa Doktor nak ambik MC, dan dlm masa sama aku nak mintak refer ke pakar psikiatri.Masa jumpa Doktor utk mintak refer ke pskiatri, menangis2 aku meluah masalah kerja aku."
924,"Then, doktor cakap, â€œBersabarlaâ€."
925,Dia cakap dia akan bagi surat refer ke Psikiatri.
926,"Selain tu, tujuan nak jumpa psikiatri supaya aku nak mintak medical report dan nak mintak transfer keluar dari fakulti.So, dalam bulan Jun 2020, pertama kali aku jumpa Psikiatri."
927,Pakar Psikiatri ni ialah lelaki berbangsa Cina.
928,Aku rasa serasi sangat dengan dia sebab dia faham apa yang aku hadapi.Aku luah masalah kerja sambil menangis2.
929,Aku cakap nak berhenti kerja.
930,"Tapi Psikiatri cakap, â€œJangan berenti dulu."
931,"Jangan buat keputusan ketika sakit, nanti menyesal.Buat rawatan dulu."
932,Ini depression.
933,"Takut nanti kalau berenti kerja, depression ni akan ikut kitaâ€ ."
934,"Aku angguk diam.Then, sesi berlangsung dalam 40 minit."
935,"Psikiatri bagi 3 jenis ubat, Brintellix (antidepresan) , Inderal Propanolol (antianxiety) dan Xanax (ubat penenang kot)."
936,Lepas makan ubat tu aku rasa ok sikit.
937,Serasi.Hampir setiap bulan ada appointment dengan Pakar Psikiatri.
938,Mula2 aku selalu ambik cuti bila ada appointment.
939,"Lepas tu kali ketiga dah tak ambik cuti sebab Psikiatri cakap, dia boleh bagi MC.Kemudian dalam bulan Julai aku selalu migrain."
940,Mmg aku ada migrain pun sebelum ni.
941,Sebulan sekali atau kali.
942,Tapi kali ni makin kerap dan makin lama serangannya.Hampir setiap minggu pun ya.
943,"Then, bulan September, aku dapat tahu aku dah pregnant 13 minggu lebih kurang 3 bulan."
944,"Patutla kerap sangat sakit kepala.Aku happy je pregnant, cuma aku masih tak suka kerja aku ni."
945,Rasa benci.
946,"Susah betul nak buat kerja yang kita benci, walaupun ada certain kerja tu tak la susah mana.Bila dah tau prengant, aku maintain mkn je ubat antidepresan tu macam biasa, sebab aku google perempuan pregnant yang ada depression kena maintain makan ubat supaya tak jadi lebih teruk."
947,"Next appointment aku beritahu Psikiatri yang aku dah pregnant dan aku tanya ok ke aku makan ubat macam biasa?Dia cakap, perlu supaya tak jadi lebih teruk."
948,"Makan ubat, jangan sampai meroyan."
949,Dia cakap perempuan mengandung pun ada meroyan nak tumbuk perut.Aku angguk faham sebab aku pun kdg2 ada rasa nak mencederakan diri dan perut dengan pisau sebab tak tahan hidup macam ni.
950,"Bukan sebab benci baby.Selepas perjumpaan ketiga, Psikiatri minta aku beritahu masalah depressiom aku kepada pihak atasan dan bahawa aku dapat rawatan dengan pakar Psikiatri."
951,"Supaya mereka tahu.So, aku beritahu la."
952,Manager terkejut juga.
953,Dia merangka tugas yang lebih balance kepada aku.
954,"Masa tu aku rasa ok sangat.Selepas tu, ada appointment dengan Pakar Psikiatri, aku cakap aku rasa aku dah ok, takde rasa nak berenti kerja.Kemudian dia cakap, betul ke dah ok?"
955,Sebab dia rasa aku belum ok lagi.
956,"Apa pun dia nasihat, set dalam mind yang aku nak tukar department."
957,"At the same time, cuba juga buat kerja seperti biasa."
958,"Aku mengangguk faham.Pada perjumpaan kelima dan terakhir bln Nov 2020, Psikiari aku nak kurangkan dos ubat."
959,"Brintellix (antidepresan) kena mkn selang seli setiap malam, Xanax kena stop, ubat inderal propanolol (antianxiety) tu boleh makan bila perlu.Dan doktor akan keluarkan medical report."
960,"Dalam report tu, aku disahkan oleh Psikiatri swasta bahawa aku ada Major Depressive Disorder (MDD) & Anxiety.So, pada bulan Nov 2020, aku hantar borang mintak transfer keluar dari fakulti dan aku sertakan sekali medical report tu.Sekarang (Dec 2020), aku masih bekerja di fakulti sambil menunggu arahan pertukaran."
961,"Tapi tu la, dalam tempoh menunggu ni, ada masa aku ok, ada masa tak ok. Rasa down sangat."
962,Aku banyak ambil MC.
963,"Aku nak sangat berubah, tetapi Ya Allah, susahnya nak berubah.Aku tak suka hidup dalam depression ni."
964,Rasa tak happy.
965,Tak enjoy moment yang ada.
966,Not being present.
967,"Selalu berharap esok nak buat lebih baik, ada yang menjadi, ada yang tak menjadi.Kadang2 terfikir, adakah aku ni betul sakit depression atau malas?"
968,Ubat tu dah macam tak beri kesan je.
969,Tapi aku maintain la ikut cakap Psikiatri.Minggu ni aku dah 2 kali MC.
970,Aku tak suka.
971,"Aku selalu berharap nak jadi normal macam orang lain, terima takdir, buat je kerja dengan happy dan tak depress."
972,Aku rasa aku dah setahun lebih tak pernah rasa happy yang betul2 happy.
973,Nak sgt happy betul2.
974,Tak tau la korang faham ke tak.Hmm.. Aku rasa cukupla setakat ni aku share.
975,Dah panjang berjela rasanya.
976,Thank guys for spending time reading my confession.Doakan aku boleh berubah ke arah lebih baik sementara menunggu tukar department ya.
977,"Aku berharap aku berubah, dan esok lebih baik utk aku."
978,Doakan aku berjaya tukar department juga ya .â€“ Jaana (Bukan nama sebenar)Hantar confession anda di sini ->Â https://iiumc.com/submit
